N;REGION;PREFECTURE;CANTON;LOCALITE;INFRASTRUCTURE;SECTEUR;TYPE;STATUT;ETAT;LATITUDE;LONGITUDE;ALTITUDE
18;MARITIME;ZIO;TSEVIE;TSEVIE;GROUPE SCOLAIRE SAINTE FATIMA;EDUCATION;LYCEE;PRIVE;Bon;6,410858;1,211675;97.218262
50;MARITIME;LACS;AKLAKOU;AKLAKOU;LYCEE D'AKLAKOU;EDUCATION;LYCEE;PUBLIC;Bon;6,331774;1,707021;29.926514
135;MARITIME;VO;VO-KOUTIME;VO KOUTIME;LYCEE DE VO KOUTIME;EDUCATION;LYCEE;PUBLIC;Bon;6,35938;1,561902;50.35437
192;MARITIME;YOTO;AHEPE;AHEPE;LYCEE AHEPE;EDUCATION;LYCEE;PUBLIC;Bon;6,606218;1,394161;141.919312
323;MARITIME;ZIO;DJAGBLE;DJAGBLE;COMPLEXE SCOLAIRE TRONE DE DIEU;EDUCATION;LYCEE;PRIVE;Bon;6,257967;1,281402;41.462158
324;MARITIME;ZIO;DJAGBLE;DJAGBLE;LYCEE DE DJAGBLE;EDUCATION;LYCEE;PUBLIC;Bon;6,256456;1,282861;41.462158
350;MARITIME;ZIO;TSEVIE;TSEVIE;IPADEV;EDUCATION;LYCEE;PRIVE;Bon;6,429495;1,206211;112.359009
360;MARITIME;ZIO;TSEVIE;TSEVIE;LYCEE II;EDUCATION;LYCEE;PUBLIC;Bon;6,427642;1,19983;110.676636
438;MARITIME;BAS-MONO;KPETSOU;KPESSOU;LYDIL KPESSOU;EDUCATION;LYCEE;COMMUNAUTAIRE;NON FONCTIONNEL;6,516103;1,582202;104.668457
452;MARITIME;VO;DAGBATI;KOUTIDJI;LYDIL DE KOUTISJI;EDUCATION;LYCEE;COMMUNAUTAIRE;Mauvais;6,428322;1,510949;74.387085
494;MARITIME;VO;TOGOVILLE;TOGOVILLE;LYCEE DE TOGOVILLE;EDUCATION;LYCEE;PUBLIC;Bon;6,239551;1,476142;26.321533
506;MARITIME;VO;AKOUMAPE;AKOUMAPE;LYCEE D'AKOUMAPE;EDUCATION;LYCEE;PUBLIC;Bon;6,384856;1,460484;58.765747
546;MARITIME;YOTO;AMOUSSIME;AMOUSSIME;LYCEE AMOUSSIME;EDUCATION;LYCEE;PUBLIC;Mauvais;6,620838;1,513848;63.812744
606;MARITIME;AVE;ASSAHOUN + ANDO;ASSAHOUN;LYCEE ASSAHOUN;EDUCATION;LYCEE;PUBLIC;Bon;6,460772;0,906944;133.0271
618;MARITIME;AVE;ASSAHOUN + ANDO;KEVE;LYCEE KEVE;EDUCATION;LYCEE;PUBLIC;Bon;6,439132;0,921154;131.825439
647;MARITIME;ZIO;DAVIE;DAVIE;LYCEE DAVIE;EDUCATION;LYCEE;PUBLIC;Mauvais;6,380811;1,210124;88.566528
687;MARITIME;ZIO;AGBELOUVE;AGBELOUVE;LYCEE AGBELOUVE;EDUCATION;LYCEE;PUBLIC;Bon;6,686303;1,166565;124.615723
700;MARITIME;ZIO;ABOBO;ABOBO;LYCEE D'ABOBO;EDUCATION;LYCEE;PUBLIC;EN CREATION;6,234091;1,37153;28.484619
725;MARITIME;LACS;GLIDJI;ZEBE;LYCEE DE ZEBEVI;EDUCATION;LYCEE;PUBLIC;Bon;6,258526;1,609505;19.832764
730;MARITIME;LACS;GLIDJI;ZEBE;LYCEE D'ENSEIGNEMENT TECHNIQUE ET PROFESSIONNELLE D'ANEHO;EDUCATION;LYCEE;PUBLIC;Bon;6,257024;1,606257;25.840942
740;MARITIME;LACS;GLIDJI;ZALIVE;LYCEE ZALIVE;EDUCATION;LYCEE;PUBLIC;Bon;6,26027;1,587808;25.119995
763;MARITIME;LACS;GLIDJI;ANEHO;COLLEGE SAINT PIERRE ET PAUL;EDUCATION;LYCEE;CONFESSIONNEL;Bon;6,22659;1,593089;9.258301
765;MARITIME;LACS;GLIDJI;ANEHO/KPOTA;COLLEGE PROSTESTANT;EDUCATION;LYCEE;CONFESSIONNEL;Bon;6,22682;1,58906;7.095337
769;MARITIME;LACS;GLIDJI;ANEHO;LYCEE ANEHO-VILLE;EDUCATION;LYCEE;PUBLIC;Bon;6,226249;1,574855;14.545532
793;MARITIME;BAS-MONO;ATTITOGON;ATTITOGON;LYCEE D'ATTITOGON;EDUCATION;LYCEE;PUBLIC;Bon;6,409647;1,658517;50.835083
818;MARITIME;BAS-MONO;AFAGNAGAN;AFAGNAN;LYCEE D'AFAGNAN;EDUCATION;LYCEE;PUBLIC;Bon;6,508378;1,644867;40.981567
822;MARITIME;BAS-MONO;AFAGNAGAN;AFAGNAN;INSTITUT TECHNIQUE ATNTA;EDUCATION;LYCEE;PRIVE;Bon;6,496169;1,626894;79.674438
831;MARITIME;VO;DZREKPO/AMEGNRAN;DZREKPO;LYCEE DE DZREKPO;EDUCATION;LYCEE;PUBLIC;Bon;6,478751;1,567041;82.317993
847;MARITIME;VO;DZREKPO/AMEGNRAN;KLOLOGO;LYCEE DE KLOLOGO;EDUCATION;LYCEE;PUBLIC;Mauvais;6,411884;1,587648;54.920532
862;MARITIME;VO;VOGAN;WOGBA;LYCEE DE WOGBA;EDUCATION;LYCEE;PUBLIC;Mauvais;6,285485;1,509448;26.56189
868;MARITIME;VO;VOGAN;VOGAN;CEG VOGAN VILLE  II;EDUCATION;LYCEE;PUBLIC;Bon;6,323181;1,536245;33.291138
944;MARITIME;AVE;NOEPE;NOEPE-AKEPE;LYCEE NOEPE-AKEPE;EDUCATION;LYCEE;PUBLIC;Bon;6,249609;1,047555;56.362549
955;MARITIME;AVE;NOEPE;AVEDJI;LYCEE AMEPT;EDUCATION;LYCEE;PRIVE;Bon;6,398576;1,051603;59.24646
1029;MARITIME;ZIO;DJAGBLE;DJAGBLE;COMPLEXE TECHNIQUE EVANGELIQUE BON BERGER;EDUCATION;LYCEE;CONFESSIONNEL;Bon;6,250555;1,282913;36.895996
1037;MARITIME;ZIO;DJAGBLE;DJAGBLE;LYCEE SCIENCES ET TECHNIQUES PADRE PIO;EDUCATION;LYCEE;PRIVE;Bon;6,256784;1,283589;50.835083
1083;MARITIME;VO;DZREKPO/AMEGNRAN;ZOOTI;LYCEE DE ZOOTI;EDUCATION;LYCEE;PUBLIC;Bon;6,423037;1,606119;55.160889
1114;MARITIME;VO;VOGAN;VOGAN;LYCEE VILLE I;EDUCATION;LYCEE;PUBLIC;Bon;6,324962;1,525637;24.879639
1152;MARITIME;VO;HAHOTOE;HAHOTOE;LYCEE MODERNE DE HAHOTOE;EDUCATION;LYCEE;PUBLIC;Bon;6,358361;1,418265;56.602905
1204;MARITIME;YOTO;TCHEKPO;TCHEKPO DEDEKPOE;LYCEE DE TCHEKPO DEDEKPOE;EDUCATION;LYCEE;PUBLIC;Bon;6,525421;1,360502;89.047119
1251;MARITIME;AVE;DZOLO;DZOLO;LYCEE DE DZOLO;EDUCATION;LYCEE;PUBLIC;Bon;6,373952;0,887937;120.049438
1260;MARITIME;ZIO;BOLOU;BOLOU ALOKOEGBE;LYCEE ALOKOEGBE;EDUCATION;LYCEE;PUBLIC;Bon;6,438499;1,093514;63.332153
1297;MARITIME;ZIO;GAPE-CENTRE;GAPE CENTRE;LYCEE GAPE CENTRE;EDUCATION;LYCEE;PUBLIC;Bon;6,595059;1,109047;134.949707
1355;MARITIME;ZIO;TSEVIE;TSEVIE;INSTITUT SCOLAIRE SOPHIA;EDUCATION;LYCEE;PRIVE;Bon;6,4386;1,21103;103
1362;MARITIME;ZIO;TSEVIE;TSEVIE;IDH/CEFORIP/PADUS;EDUCATION;LYCEE;PRIVE;Bon;6,43415;1,21455;103
1395;MARITIME;LACS;AGBODRAFO;DAGUE;COLLEGE INSTITUT TECHNIQUE ET MODERNE EBENEZER D'AGBODAN;EDUCATION;LYCEE;PRIVE;Bon;6,20897;1,41093;13
1398;MARITIME;LACS;AGBODRAFO;KPESSI;COMPLEXE SCOLAIRE HAVILA;EDUCATION;LYCEE;PRIVE;Bon;6,21838;1,44068;11
1405;MARITIME;LACS;AGBODRAFO;KPESSI;LYCEE ET COLLEGE  D'ENSEIGNEMENT GENERAL ABRAHAM LINCOLN;EDUCATION;LYCEE;PRIVE;Bon;6,20955;1,4506;13
1408;MARITIME;LACS;AGBODRAFO;AGBODRAFO;LYCEE D'AGBODRAFO;EDUCATION;LYCEE;PUBLIC;Bon;6,20809;1,47467;13
1409;MARITIME;LACS;AGBODRAFO;KPEME;LYCEE PRIVE MARATHO;EDUCATION;LYCEE;PRIVE;Bon;6,222;1,50474;16
1434;MARITIME;LACS;ANFOIN;ANFOIN;LYCEE DE ANFOIN;EDUCATION;LYCEE;PUBLIC;Bon;6,33486;1,61038;40
1476;MARITIME;ZIO;TSEVIE;TSEVIE;LYCEE VILLE I TSEVIE;EDUCATION;LYCEE;PUBLIC;Bon;6,431634;1,217994;99.381226
1519;MARITIME;LACS;AGBODRAFO;GBODJOME;LYCEE DE GBODJOME;EDUCATION;LYCEE;PUBLIC;Mauvais;6,202038;1,412809;3.250122
1579;MARITIME;BAS-MONO;ATTITOGON;MASSEDA;LYCEE DE MASSEDA;EDUCATION;LYCEE;PUBLIC;Bon;6,442289;1,673211;63.57251
1580;MARITIME;BAS-MONO;AFAGNAGAN;AGBLETA;ECOLE D'INITIATIVE LOCALE;EDUCATION;LYCEE;PRIVE;Mauvais;6,494086;1,624356;73.906494
1622;MARITIME;VO;VOGAN;AFOWIME;LYCEE AFOWIME;EDUCATION;LYCEE;PUBLIC;Mauvais;6,39789;1,518772;72.94519
1653;MARITIME;VO;TOGOVILLE;BADOUGBE;LYCEE DE BADOUGBE;EDUCATION;LYCEE;PUBLIC;Bon;6,240736;1,517368;26.56189
1664;MARITIME;VO;AKOUMAPE;GNITA;LYCEE DE GNITA;EDUCATION;LYCEE;PUBLIC;EN CONSTRUCTION;6,454308;1,451116;92.6521
1677;MARITIME;YOTO;TOKPLI;TOKPLI;LYCE DE TOKPLI;EDUCATION;LYCEE;PUBLIC;Bon;6,661666;1,591056;34.012085
1691;MARITIME;YOTO;GBOTO;GBOTO VODOUPE;LYCEE DE GBOTO VODOUPE;EDUCATION;LYCEE;PUBLIC;Mauvais;6,669626;1,526369;96.737671
1715;MARITIME;YOTO;KOUVE;KOUVE;LYCEE CHRIST ROI DE KOUVE;EDUCATION;LYCEE;CONFESSIONNEL;Bon;6,659425;1,415045;158.501953
1720;MARITIME;YOTO;KOUVE;KOUVE;LYCEE DE KOUVE;EDUCATION;LYCEE;PUBLIC;Bon;6,652072;1,414889;154.41626
1739;MARITIME;ZIO;GBATOPE;GBATOPE;LYCEE DE GBATOPE;EDUCATION;LYCEE;PUBLIC;Bon;6,454471;1,27249;96.497314
1784;MARITIME;ZIO;MISSION-TOVE;MISSION TOVE;LYCEE DE MISSION TOVE;EDUCATION;LYCEE;PUBLIC;Bon;6,33382;1,114739;75.588745
1832;MARITIME;ZIO;AGBELOUVE;AGBELOUVE;IDH AGBELOUVE;EDUCATION;LYCEE;PRIVE;Mauvais;6,669163;1,156037;137.112671
1837;MARITIME;ZIO;ADETIKOPE;ADETIKOPE;"COMPLEXE SCOLAIRE ""DAVID""";EDUCATION;LYCEE;PRIVE;Bon;6,31976;1,216681;53.478638
1841;MARITIME;ZIO;ADETIKOPE;ADETIKOPE;COMPLEXE SCOLAIRE BERNARD BELIN DADIER;EDUCATION;LYCEE;PRIVE;Bon;6,318423;1,216142;45.547852
1845;MARITIME;ZIO;ADETIKOPE;ADETIKOPE;"COMPLEXE SCOLAIRE ""LA CONCORDE""";EDUCATION;LYCEE;PRIVE;Bon;6,318704;1,206913;34.252441
1876;MARITIME;ZIO;DALAVE;APEYIGBE;COMPLEXE SCOLAIRE LA MÉMOIRE;EDUCATION;LYCEE;PRIVE;Bon;6,385613121;1,24716131;69.340332
1885;MARITIME;GOLFE;LEGBASSITO;LEGBASSITO;COMPLEXE SCOLAIRE LA FABIENNE III;EDUCATION;LYCEE;PUBLIC;;6,23373;1,16055;
1890;MARITIME;GOLFE;TOGBLEKOPE;TOGBLEKOPE;ECOLE PRIVÉ LAIQUE LE PILIER;EDUCATION;COMPLEXE SCOLAIRE;;;6,27657;1,20443;
1898;CENTRALE;TCHAOUDJO;AGOULOU;AGOULOU;LYCEE;EDUCATION;LYCEE;PUBLIC;Bon;9,1285160;1,3260280;399.791016
1927;CENTRALE;TCHAOUDJO;KPANGALAM;KPARIO;COMPLEXE SCOLAIRE PHILADELPHIE;EDUCATION;LYCEE;PRIVE;Bon;9,0101650;1,1150490;435.119141
1937;CENTRALE;TCHAOUDJO;KOMAH;BAMOBODOLO;"LYCEE D'ENSEIGNEMENT GENERAL ""ABRAHAM""";EDUCATION;LYCEE;PRIVE;Bon;9,0020520;1,1251900;413.489746
1938;CENTRALE;TCHAOUDJO;KOMAH;BAMOBODOLO;LYCEE D'ENSEINEMENT GENERAL DE BAMODOLO;EDUCATION;LYCEE;PUBLIC;Bon;8,9977260;1,1193890;431.754517
1942;CENTRALE;TCHAOUDJO;KOMAH;AKAMADE;ETABLISSEMENT SCOLAIRE LAIC MARTIN LUTHER KING LYCEE;EDUCATION;LYCEE;PRIVE;Bon;8,9930960;1,1184500;442.80957
1976;CENTRALE;BLITTA;WARAGNI;WARIGNI;LYCEE WARIGNI;EDUCATION;LYCEE;PUBLIC;Mauvais;8,2710030;1,0291320;335.623413
2027;CENTRALE;SOTOUBOUA;SOTOUBOUA;SOTOUBOUA;LYCEE NOTRE DAME DE LA PAIX;EDUCATION;LYCEE;CONFESSIONNEL;Bon;8,5555150;0,9968440;408.202393
2033;CENTRALE;SOTOUBOUA;AOUDA;AOUDA;LYCEE D'AOUDA;EDUCATION;LYCEE;PUBLIC;En construction;8,7218440;1,0433150;404.357178
2045;CENTRALE;TCHAMBA;BAGO;BAGO;LYCEE PRIVEE LAÏC HAMPATE BA;EDUCATION;LYCEE;PRIVE;Bon;8,4990670;1,3897910;322.405396
2096;CENTRALE;TCHAOUDJO;ALHERIDE + AMAIDE;ALEHERIDE;LYCEE ALEHERIDE;EDUCATION;LYCEE;PUBLIC;Bon;9,2053130;1,2059490;510.10144
2111;CENTRALE;TCHAOUDJO;KPANGALAM;KEDIA;LYCEE KPANGALAM;EDUCATION;LYCEE;PUBLIC;Bon;9,0176590;1,1403340;429.831909
2122;CENTRALE;TCHAOUDJO;KPANGALAM;KPANGALAM CH┬TEAU;COMPLEXE SCOLAIRE BAKITA;EDUCATION;LYCEE;CONFESSIONNEL;Bon;9,0095200;1,1301100;422.141357
2133;CENTRALE;TCHAOUDJO;KOMAH;KOULOUMDE;LYCEE KOULOUMDE;EDUCATION;LYCEE;PUBLIC;Mauvais;8,9719090;1,1723070;377.921021
2134;CENTRALE;TCHAOUDJO;KOMAH;KOULOUMDE;CENTRE AMA EL FAROUK;EDUCATION;LYCEE;CONFESSIONNEL;Bon;8,9700940;1,1738650;373.114624
2140;CENTRALE;TCHAOUDJO;KPANGALAM;KPANGALAM;LYCEE PRIVE LE PRINCE;EDUCATION;LYCEE;PRIVE;Bon;9,0108300;1,1359260;421.901123
2142;CENTRALE;TCHAOUDJO;KPANGALAM;KPANGALAM;COMPLEXE SCOLAIRE L'EXCELLENCE;EDUCATION;LYCEE;PRIVE;En construction;9,0097900;1,1354290;414.210693
2168;CENTRALE;BLITTA;LANGABOU;LANGABOU;LYCEE DE LANGABOU;EDUCATION;LYCEE;PUBLIC;Bon;8,1143070;1,1334810;289.720825
2204;CENTRALE;BLITTA;BLITTA VILLAGE;BLITTA CARREFOUR;LYCEE BLITTA CARREFOUR;EDUCATION;LYCEE;PUBLIC;Bon;8,3429150;1,0077260;341.391235
2212;CENTRALE;SOTOUBOUA;TITTIGBE;TITTIGBE;LYCEE DE TITTIGBE (COMPLEXE);EDUCATION;LYCEE;PUBLIC;Bon;8,6182640;1,1074390;322.165039
2247;CENTRALE;SOTOUBOUA;ADJENGRE;KAOU;LYCEE D'ADJENGRE (KAOU);EDUCATION;LYCEE;PUBLIC;Bon;8,6456790;1,0379500;411.086304
2272;CENTRALE;SOTOUBOUA;ADJENGRE;AWISSI DJOBODE;COMPLEXE SCOLAIRE LE SUCCES (LYCEE);EDUCATION;LYCEE;PRIVE;Bon;8,6687610;1,0195970;438.483765
2307;CENTRALE;TCHAMBA;KOUSSOUNTOU;KOUSSOUNTOU;LYCEE KOUSSOUNTOU;EDUCATION;LYCEE;PUBLIC;Bon;8,8279290;1,5174470;359.65625
2327;CENTRALE;TCHAOUDJO;LAMA-TESSI;LAMA-TESSI;LYCEE LAMA-TESSI;EDUCATION;LYCEE;PUBLIC;Bon;8,8291323;1,0836788;430.312622
2368;CENTRALE;TCHAOUDJO;KOMAH;KOMAH;LYCEE CHEIK AMDAN DE KOMAH;EDUCATION;LYCEE;PRIVE;Bon;8,9686567;1,1502591;385.371338
2371;CENTRALE;TCHAOUDJO;KOMAH;KOMAH;LYCEE STE MARIE DE KOMAH;EDUCATION;LYCEE;PRIVE;Bon;8,9642720;1,1493675;375.037231
2379;CENTRALE;TCHAOUDJO;KOMAH;KOMAH;LYCEE MODERNE DE SOKODE;EDUCATION;LYCEE;PUBLIC;Bon;8,9738794;1,1307394;416.373535
2396;CENTRALE;TCHAOUDJO;KOMAH;DIDAOURE;COMPLEXE SCOLAIRE MON AVENIR;EDUCATION;LYCEE;PRIVE;Mauvais;8,9825101;1,1393738;396.186157
2402;CENTRALE;TCHAOUDJO;KOMAH;TCHAWANDA;COMPLEXE SCOLAIRE LA LUMIERE;EDUCATION;LYCEE;PRIVE;Bon;8,9842602;1,1334811;407.000732
2415;CENTRALE;TCHAOUDJO;KOMAH;TCHAWANDA;ECOLE PRIVEE LAIC INSAS LYCEE;EDUCATION;LYCEE;PRIVE;Bon;8,9907642;1,1251441;435.119141
2418;CENTRALE;TCHAOUDJO;KOMAH;TCHAWANDA;LYCEE TCHAWANDA;EDUCATION;LYCEE;PUBLIC;Mauvais;8,9915561;1,1237538;433.677124
2443;CENTRALE;BLITTA;M'POTI;TADJAN;LYCEE DE TADJAN;EDUCATION;LYCEE;PUBLIC;Bon;8,2274190;0,7972285;679.051758
2511;CENTRALE;SOTOUBOUA;TCHEBEBE;TCHEBEBE;LYCEE DE TCHEBEBE;EDUCATION;LYCEE;PUBLIC;Mauvais;8,4313486;1,0006880;369.269409
2513;CENTRALE;SOTOUBOUA;TCHEBEBE;TCHEBEBE;LYCEE CATHOLIQUE DE TCHEBEBE;EDUCATION;LYCEE;PUBLIC;Bon;8,4256849;0,9849965;340.430054
2571;CENTRALE;SOTOUBOUA;SOTOUBOUA;SOTOUBOUA;LYCEE CATHOLIQUE (LA PAIX);EDUCATION;LYCEE;CONFESSIONNEL;Bon;8,5564385;0,9978142;404.116821
2594;CENTRALE;SOTOUBOUA;SOTOUBOUA;SOTOUBOUA;LYCEE VILLE II DE SOTOUBOUA;EDUCATION;LYCEE;PUBLIC;Bon;8,5770814;0,9826176;374.556519
2595;CENTRALE;SOTOUBOUA;SOTOUBOUA;SOTOUBOUA;LYCEE SCIENTIFIQUE ROBERT MATTLE;EDUCATION;LYCEE;CONFESSIONNEL;Bon;8,5643545;0,9583695;352.446411
2606;CENTRALE;SOTOUBOUA;SOTOUBOUA;SOTOUBOUA;LYCEE VILLE I DE SOTOUBOUA;EDUCATION;LYCEE;PUBLIC;Bon;8,5660023;0,9709568;379.363037
2624;CENTRALE;SOTOUBOUA;SOTOUBOUA;KPANDYO;"COMPLEXE SCOLAIRE PRIVE ""CONSTELATION""";EDUCATION;LYCEE;PRIVE;Bon;8,5475867;0,9902159;407.241089
2646;CENTRALE;TCHAMBA;KABOLI;KABOLI;"LYCEE CATHOLIQUE ""DON ANTONINI""";EDUCATION;LYCEE;CONFESSIONNEL;Abandonné;8,7429924;1,6082902;363.741699
2661;CENTRALE;TCHAMBA;KABOLI;ATAFA/KABOLI;LYCEE MODERNE LOMPOE;EDUCATION;LYCEE;PUBLIC;Bon;8,7395703;1,5860233;344.996216
2684;CENTRALE;TCHAOUDJO;KADAMBARA;KADAMABARA;"LYCEE KADAMBARA ""TERMINALE""";EDUCATION;LYCEE;PUBLIC;Bon;8,9539080;1,1701530;374.075806
2685;CENTRALE;TCHAOUDJO;KADAMBARA;KADAMABARA;LYCEE DE KADAMBARA;EDUCATION;LYCEE;PUBLIC;Bon;8,9454470;1,1688540;363.501465
2705;CENTRALE;TCHAOUDJO;KPARATAO;KPARATAO;LYCEE DE KPARATAO;EDUCATION;LYCEE;PUBLIC;Bon;8,9498870;1,1951360;351.96582
2741;CENTRALE;TCHAOUDJO;KOMAH;DIDAOURE;ISTT;EDUCATION;LYCEE;PRIVE;Bon;8,9819850;1,1485830;391.379395
2745;CENTRALE;TCHAOUDJO;KOMAH;BARRIERE;"COMPLEXE SCOLAIRE ""LA GRACE"" LYCEE";EDUCATION;LYCEE;PRIVE;Bon;8,9890870;1,1377040;421.660767
2760;CENTRALE;TCHAOUDJO;KOMAH;KOULOUMDE;COMPLEXE SCOLAIRE LE PHENIX;EDUCATION;LYCEE;PRIVE;Bon;8,9789100;1,1520560;379.363037
2803;CENTRALE;BLITTA;PAGALA-GARE;PAGALA-GARE;LYCEE DE PAGALA-GARE;EDUCATION;LYCEE;PUBLIC;Bon;8,1777590;0,9862100;316.156982
2828;CENTRALE;BLITTA;AGBANDI;AGBANDI;LYCEE D'AGBANDI;EDUCATION;LYCEE;PUBLIC;Bon;8,2394310;1,1296420;313.032593
2846;CENTRALE;BLITTA;BLITTA-GARE;LAMA KOZA;LYCEE DE BLITTA;EDUCATION;LYCEE;PUBLIC;Bon;8,3281070;0,9887860;328.894287
2885;CENTRALE;MÔ;DJARKPANGA;DJARKPANGA;LYCEE DJARKPANGA;EDUCATION;LYCEE;PUBLIC;Bon;8,7812380;0,5583230;183.976563
2898;CENTRALE;SOTOUBOUA;SOTOUBOUA;KPANDYO;COMPLEXE SCOLAIRE LE PARISIEN LYCEE;EDUCATION;LYCEE;PRIVE;Bon;8,5553070;0,9832250;398.829712
2904;CENTRALE;SOTOUBOUA;SOTOUBOUA;LAOUWAI;COMPLEXE INTELLIGENSIA LYCEE;EDUCATION;LYCEE;PRIVE;Mauvais;8,5609800;0,9815030;394.503662
2929;CENTRALE;TCHAMBA;BAGO;BAGO;LYCEE HAMPATE-BA;EDUCATION;LYCEE;PRIVE;En construction;8,4990490;1,3898260;325.289307
2937;CENTRALE;TCHAMBA;BAGO;AFFASSALA;LYCEE AFFASSALA;EDUCATION;LYCEE;PUBLIC;Mauvais;8,4424040;1,2867150;292.364502
2962;CENTRALE;TCHAMBA;TCHAMBA;IYIWA;ECOLE ISLAMIQUE HALID-LYCEE;EDUCATION;LYCEE;CONFESSIONNEL;Bon;9,0093840;1,4147430;374.796875
2967;CENTRALE;TCHAMBA;LARINI;LARINI;LYCEE DE TCHAMBA;EDUCATION;LYCEE;PUBLIC;Bon;9,0359200;1,4156620;363.741699
2980;SAVANES;CINKASSE;BIANKOURI;KANTGBETCHO;LYDIL  BIANKOURI;EDUCATION;LYCEE;COMMUNAUTAIRE;Bon;11,031825;0,051216;282.991577
3008;SAVANES;CINKASSE;CINKASSE;CINKASSE;CPC DON BOSCO;EDUCATION;LYCEE;PRIVE;Bon;11,095049;0,020436;288.999878
3012;SAVANES;CINKASSE;CINKASSE;CINKASSE;CPL J.J ROUSSEAU;EDUCATION;LYCEE;PRIVE;Bon;11,092017;0,018008;285.154663
3023;SAVANES;CINKASSE;CINKASSE;CINKASSE;LYCEE DE CINKASSE;EDUCATION;LYCEE;PUBLIC;Bon;11,093147;0,040279;304.86145
3050;SAVANES;CINKASSE;NADJOUNDI;NADJOUNDI;LYCEE NADJOUNDI;EDUCATION;LYCEE;PUBLIC;Bon;11,014989;0,182167;275.060913
3089;SAVANES;CINKASSE;TIMBOU;TIMBOU-CENTRE;LYCEE TIMBOU;EDUCATION;LYCEE;PUBLIC;Bon;11,030104;0,112572;286.836914
3110;SAVANES;KPENDJAL;NAKI-EST;NAKI-EST;LYCEE DE NAKI-EST;EDUCATION;LYCEE;PUBLIC;Bon;10,725369;0,380191;222.669434
3143;SAVANES;KPENDJAL;POGNO;POGNO;LYCEE DE POGNO;EDUCATION;LYCEE;PUBLIC;Bon;10,970226;0,494123;190.705811
3210;SAVANES;KPENDJAL;MANDOURI;MONDOFOALI;LYCEE MANDOURI;EDUCATION;LYCEE;PUBLIC;Bon;10,858656;0,792984;154.41626
3258;SAVANES;KPENDJAL;NAMOUNDJOGA;NAMOUDJOGA;LYCEE DE NAMOUDJOGA;EDUCATION;LYCEE;PUBLIC;Bon;10,897495;0,392604;237.569702
3305;SAVANES;OTI;BARKOISSI;BARKOISSI;LYCEE BARKOISSI;EDUCATION;LYCEE;PUBLIC;Bon;10,558155;0,305985;178.20874
3431;SAVANES;OTI;MANGO;MANGO;LYCEE TECHNIQUE;EDUCATION;LYCEE;PUBLIC;Bon;10,368537;0,474855;154.896851
3433;SAVANES;OTI;MANGO;MANGO;LYCEE D'ENSEIGNEMENT GENERAL;EDUCATION;LYCEE;PUBLIC;Bon;10,36475;0,482077;153.695313
3444;SAVANES;OTI;MANGO;MANGO;LYCEE PRIVE LAIC LA MAIN DIVINE;EDUCATION;LYCEE;PRIVE;Bon;10,347253;0,472603;134.22876
3465;SAVANES;OTI;MANGO;QUARTIER ADMINISTRATIF;LYCEE  AN' NOUR;EDUCATION;LYCEE;PUBLIC;Bon;10,357332;0,472013;139.275635
3518;SAVANES;OTI;GANDO;GANDO-CENTRE;LYCEE GANDO;EDUCATION;LYCEE;PUBLIC;Bon;10,329407;0,742365;200.078613
3578;SAVANES;TANDJOARE;NANO;NANO CENTRE;LYCEE DE NANO;EDUCATION;LYCEE;PUBLIC;Bon;10,707332;0,110173;229.638916
3628;SAVANES;TANDJOARE;BOGOU;TANDJOARE VILLE;LYCEE DE TANDJOARE;EDUCATION;LYCEE;PUBLIC;Bon;10,657856;0,195797;298.853271
3665;SAVANES;TANDJOARE;BOMBOUAKA;BOMBOUAKA;LYCEE DE BOMBOUAKA;EDUCATION;LYCEE;PUBLIC;Mauvais;10,692485;0,214044;283.952881
3706;SAVANES;TANDJOARE;TAMONGUE;YEMBOUR;LYCEE  YEMBOUR;EDUCATION;LYCEE;PUBLIC;En construction;10,543088;0,148506;225.312988
3776;SAVANES;TONE;PANA;PANA-CENTRE;LYCEE D'INITIATIVE LOCALE;EDUCATION;LYCEE;COMMUNAUTAIRE;Mauvais;10,748918;0,277458;343.554199
3852;SAVANES;TONE;DAPAONG;DAPAONG;LYCEE J.J. ROUSSEAU;EDUCATION;LYCEE;PRIVE;Bon;10,872888;0,255491;326.731323
3853;SAVANES;TONE;DAPAONG;DAPAONG;COMPLEXE SCOLAIRE ARCHIMEDE (LYCÉE);EDUCATION;LYCEE;PRIVE;Bon;10,858448;0,262558;341.391235
3857;SAVANES;TONE;DAPAONG;DAPAONG;LYCEE KOMBONLOAGA;EDUCATION;LYCEE;PUBLIC;Bon;10,853619;0,136076;291.162842
3860;SAVANES;TONE;DAPAONG;DAPAONG;LYCEE TERRE DES HOMMES;EDUCATION;LYCEE;PRIVE;Bon;10,86522;0,140438;311.350342
3941;SAVANES;TONE;KORBONGOU;ZONGO;COMPLEXE LYCEE;EDUCATION;LYCEE;PUBLIC;Mauvais;10,908143;0,300551;238.531128
3973;SAVANES;TONE;KANTINDI;NAMONGA-BAS;LYDIL;EDUCATION;LYCEE;COMMUNAUTAIRE;Mauvais;10,888968;0,264125;288.038574
4039;SAVANES;TONE;NAKI-OUEST;NAKI-OUEST;CEG  NAKI-OUEST;EDUCATION;LYCEE;PUBLIC;Bon;10,907246;0,098771;283.231934
4055;SAVANES;TONE;TAMI;TAMI;LYCEE  DE TAMI;EDUCATION;LYCEE;PUBLIC;Bon;10,865142;0,043211;255.59436
4075;SAVANES;TONE;LOTOGOU + WARKAMBOU;LOTOGOU-CENTRE;LYCEE DE LOTOGOU;EDUCATION;LYCEE;PUBLIC;Bon;10,794492;0,024427;259.199219
4091;SAVANES;TONE;DAPAONG;DAPAONG;LYCEE DAPAONG VILLE 2;EDUCATION;LYCEE;PUBLIC;Bon;10,846905;0,213353;332.258911
4105;SAVANES;TONE;DAPAONG;DAPAONG;COLLEGE PRIVE LAÏC YENDOUPAB;EDUCATION;LYCEE;PRIVE;Bon;10,880963;0,198089;299.574219
4106;SAVANES;TONE;DAPAONG;DAPAONG;LYCEE NASSABLE;EDUCATION;LYCEE;PUBLIC;Bon;10,87912;0,200366;300.055054
4116;SAVANES;TONE;DAPAONG;DAPAONG;COLLEGE CATHOLIQUE SAINT ATHANASE;EDUCATION;LYCEE;CONFESSIONNEL;Bon;10,862852;0,191749;303.900269
4121;SAVANES;TONE;DAPAONG;DAPAONG;LYCEE J.J. ROUSSEAU;EDUCATION;LYCEE;PRIVE;Bon;10,877739;0,199872;298.612915
4122;SAVANES;TONE;DAPAONG;DAPAONG;COMPLEXE SCOLAIRE ARCHIMEDE (LYCÉE);EDUCATION;LYCEE;PRIVE;Bon;10,876654;0,199984;295.488647
4129;SAVANES;TONE;DAPAONG;DAPAONG;LYCEE KOMBONLOAGA;EDUCATION;LYCEE;PUBLIC;Bon;10,871862;0,188188;286.356323
4132;SAVANES;TONE;DAPAONG;DAPAONG;LYCEE TERRE DES HOMMES;EDUCATION;LYCEE;PRIVE;Bon;10,871996;0,186768;287.798218
4138;SAVANES;TONE;DAPAONG;DAPAONG;COMPLEXE SCOLAIRE RENE DES CARTES;EDUCATION;LYCEE;PRIVE;Bon;10,852352;0,200337;356.05127
4140;SAVANES;TONE;DAPAONG;DAPAONG;"COMPLEXE ""LA FLEUR""";EDUCATION;LYCEE;PRIVE;Bon;10,848599;0,197955;350.283447
4156;SAVANES;TONE;DAPAONG;DAPAONG;COMPLEXE SCOLAIRE YANFOM;EDUCATION;LYCEE;PRIVE;Bon;10,867565;0,213304;320.482788
4159;SAVANES;TONE;DAPAONG;DAPAONG;COLLEGE PROTESTANT LES LEADERS;EDUCATION;LYCEE;CONFESSIONNEL;Bon;10,853872;0,208331;342.592896
4164;SAVANES;TONE;DAPAONG;DAPAONG;COMPLEXE SCOLAIRE LE SAVOIR;EDUCATION;LYCEE;PRIVE;Bon;10,85802;0,208886;342.352661
4183;KARA;KOZAH;LAMA;KARA;GROUPE SCOLAIRE NOUVELLE VISION;EDUCATION;LYCEE;PRIVE;Bon;9,546281;1,185873;289.720825
4191;KARA;KOZAH;LAMA;KARA;LYCEE DONGOYO;EDUCATION;LYCEE;PUBLIC;Bon;9,538995;1,163232;291.162842
4195;KARA;KOZAH;AWANDJELO;ATEDA;LYCEE CHECK HAMDAN BEN RACHID;EDUCATION;LYCEE;CONFESSIONNEL;Bon;9,490401;1,208630;378.161377
4196;KARA;KOZAH;AWANDJELO;ATEDA;LYCEE CHECK HAMDAN BEN RACHID;EDUCATION;LYCEE;CONFESSIONNEL;Bon;9,490401;1,208630;378.161377
4201;KARA;KOZAH;AWANDJELO;AWENDJELO;LYCEE D'AWANDJELO;EDUCATION;LYCEE;PUBLIC;Bon;9,446721;1,207360;439.444946
4220;KARA;BASSAR;KABOU;KABOU;LYCEE DE KABOU;EDUCATION;LYCEE;PUBLIC;Bon;9,453838;0,821885;301.977661
4259;KARA;KERAN;KANTE;KANTE;LYCEE KANDE VILLE II;EDUCATION;LYCEE;PUBLIC;En construction;9,938335;1,048370;275.78186
4261;KARA;KERAN;KANTE;KANTE;LYCEE DE KANDE;EDUCATION;LYCEE;PUBLIC;Bon;9,954797;1,059054;247.423096
4294;KARA;DOUFELGOU;NIAMTOUGOU;NIAMTOUGOU;LYCEE DE L'AEROPORT;EDUCATION;LYCEE;PUBLIC;En construction;9,773167;1,108002;476.21521
4296;KARA;DOUFELGOU;NIAMTOUGOU;NIAMTOUGOU;LYCEE DE NIAMTOUGOU;EDUCATION;LYCEE;PUBLIC;Bon;9,751597;1,117237;452.663086
4301;KARA;DOUFELGOU;KOKA;KOKA;LYCEE PERE BRUNGARG;EDUCATION;LYCEE;CONFESSIONNEL;Bon;9,787630;1,124669;478.378174
4319;KARA;KOZAH;LANDA-POZENDA/KPINZINDE;KPANZINDE;LYCEE DE KPANZINDE;EDUCATION;LYCEE;PUBLIC;Bon;9,507202;1,283355;350.043213
4349;KARA;KOZAH;ATCHANGBADE;ATCHANGBADE;LYCEE ATCHANGBADE;EDUCATION;LYCEE;PUBLIC;Bon;9,478007;1,123433;311.830933
4366;KARA;KOZAH;ATCHANGBADE;KOUDJOUKADA;LYCEE KOUDJOUKADA;EDUCATION;LYCEE;PUBLIC;Bon;9,405495;1,107756;373.835571
4433;KARA;DOUFELGOU;ALLOUM;BROUKOU;LYCEE BROUKOU;EDUCATION;LYCEE;PUBLIC;Bon;9,738412;0,915000;217.141846
4487;KARA;BINAH;SOLLA;SOLLA;LYCEE SOLLA;EDUCATION;LYCEE;PUBLIC;Mauvais;9,904706;1,347889;442.569214
4532;KARA;KOZAH;LASSA;HOUDE;LYCEE DES MONTAGNES;EDUCATION;LYCEE;PUBLIC;Bon;9,648753;1,202897;530.048584
4551;KARA;KOZAH;LASSA;LASSA-SOUMDINA;LYCEE LASSA-SOUMDINA;EDUCATION;LYCEE;PUBLIC;Bon;9,617725;1,246931;371.912964
4582;KARA;DANKPEN;GUERIN KOUKA;GUERIN-KOUKA;LYCEE GUERIN KOUKA II;EDUCATION;LYCEE;PUBLIC;Bon;9,686683;0,618429;209.691772
4586;KARA;DANKPEN;GUERIN KOUKA;GUERIN-KOUKA;LYCEE GUERIN KOUKA I;EDUCATION;LYCEE;PUBLIC;Bon;9,703309;0,607167;217.862793
4612;KARA;DANKPEN;BAPURE;BAPURE;LYCEE BAPURE;EDUCATION;LYCEE;PUBLIC;Bon;9,524061;0,623188;166.672974
4633;KARA;DOUFELGOU;DEFALE;TAMDE;LYCEE DEFALE;EDUCATION;LYCEE;PUBLIC;Bon;9,868541;1,093987;394.023071
4682;KARA;ASSOLI;BAFILO;BAFILO/AGOUDADE;COMPLEXE SCOLAIRE EL-HOUDA;EDUCATION;LYCEE;CONFESSIONNEL;Bon;9,361088;1,250149;506.736694
4684;KARA;ASSOLI;BAFILO;BAFILO/AGOUDADE;LYCEE BAFILO;EDUCATION;LYCEE;PUBLIC;Bon;9,374334;1,245655;478.61853
4702;KARA;KOZAH;LAMA;KARA;LYCEE KARA SUD;EDUCATION;LYCEE;PUBLIC;Bon;9,534055;1,197961;308.947021
4707;KARA;KOZAH;LAMA;KARA;CENTRE DON BOSCO;EDUCATION;LYCEE;PRIVE;Bon;9,531055;1,185710;310.629272
4737;KARA;BASSAR;BASSAR;BASSAR;IAJ;EDUCATION;LYCEE;PRIVE;Bon;9,259673;0,784894;314.714844
4743;KARA;BASSAR;BASSAR;BASSAR;LYCEE;EDUCATION;LYCEE;PUBLIC;Bon;9,254504;0,787635;305.101807
4787;KARA;DANKPEN;BAPURE;BAPURE;LYCEE BAPURE;EDUCATION;LYCEE;PUBLIC;Bon;9,524051;0,623075;168.355225
4819;KARA;BINAH;LAMA-DESSI;FARENDE;LYCEE FARENDE;EDUCATION;LYCEE;PUBLIC;Bon;9,724436;1,241525;429.591675
4842;KARA;BINAH;KETAO;KETAO;LYCEE  KETAO;EDUCATION;LYCEE;PUBLIC;Bon;9,656508;1,319186;366.866089
4870;KARA;KOZAH;LAMA;KARA;COMPLEXE SCOLAIRE ESPOIR;EDUCATION;LYCEE;PRIVE;Bon;9,557277;1,203178;309.427734
4871;KARA;KOZAH;LAMA;KARA;LYCEE KARA 2;EDUCATION;LYCEE;PUBLIC;Bon;9,560711;1,205641;328.173218
4874;KARA;KOZAH;LAMA;KARA;INSTITUT POLYTECHNIQUE ANAN PIERRO;EDUCATION;LYCEE;PRIVE;Bon;9,559723;1,204523;329.374878
4887;KARA;KOZAH;BOHOU;BOHOU;LYCEE YADE BOHOU;EDUCATION;LYCEE;PUBLIC;Bon;9,615357;1,163399;355.330322
4902;KARA;KOZAH;LAMA;KPEDAH;LYCEE LAMA KPEDAH;EDUCATION;LYCEE;PUBLIC;Bon;9,592633;1,185527;328.894287
4906;KARA;BASSAR;BANDJELI;BANGELI;LYCEE BANGELI;EDUCATION;LYCEE;PUBLIC;Bon;9,415946;0,626582;287.557861
5015;KARA;BINAH;PAGOUDA;PAGOUDA/WAZE;LYCEE DE PAGOUDA;EDUCATION;LYCEE;PUBLIC;Bon;9,742937;1,310544;433.43689
5033;KARA;ASSOLI;ALEDJO;ALEDJO KADARA;LYCEE ALEDJO KADARA;EDUCATION;LYCEE;PUBLIC;Bon;9,250206;1,206578;806.665771
5049;KARA;KOZAH;LANDA;LANDA;LYCEE LANDA;EDUCATION;LYCEE;PUBLIC;Bon;9,669516;1,270235;392.581055
5087;KARA;BASSAR;BASSAR;BINAPARBA;LYCEE BINAPARBA;EDUCATION;LYCEE;PUBLIC;Bon;9,243416;0,765159;333.941162
5098;KARA;BASSAR;BASSAR;BIYAKPABE;IAJ(INSTITUT ARNAULD JHONSON;EDUCATION;LYCEE;PRIVE;Bon;9,283352;0,776486;338.507446
5103;KARA;BASSAR;BASSAR;BASSAR;LYCEE NINAPARBA;EDUCATION;LYCEE;PUBLIC;Bon;9,243115;0,765341;334.902466
5155;KARA;DOUFELGOU;SIOU;BALIGA;LYCEE SIOU;EDUCATION;LYCEE;PUBLIC;Bon;9,812785;1,201924;383.688965
5193;KARA;KOZAH;LAMA;KARA;LYCEE KARA I;EDUCATION;LYCEE;PUBLIC;Bon;9,554783;1,182598;305.342163
5215;KARA;KOZAH;TCHITCHAO;TCHITCHAO;LYCEE TCHITCHAO;EDUCATION;LYCEE;PUBLIC;En construction;9,621942;1,134717;322.645752
5276;KARA;KERAN;NADOBA;NADOBA;LYCEE;EDUCATION;LYCEE;PUBLIC;Bon;10,128503;1,083542;214.257935
5319;KARA;ASSOLI;SOUDOU;SOUDOU;LYCEE SOUDOU;EDUCATION;LYCEE;PUBLIC;Bon;9,359601;1,343934;457.950195
5348;LOME COMMUNE;ARRONDISSEMENT V;ABOVE;ABOVE;ITCS;EDUCATION;LYCEE;PUBLIC;;6,15912;1,20448;
5386;LOME COMMUNE;ARRONDISSEMENT V;AFLAO GAKLI;AFLAO GAKLI;INSTITUT TECHNIQUE ET MODERNE HAMPATE BA;EDUCATION;LYCEE;PUBLIC;;6,18113;1,19932;
5396;LOME COMMUNE;ARRONDISSEMENT V;AFLAO GAKLI;AFLAO GAKLI;COMPLEXE SCOLAIRE LA GARANDERIE;EDUCATION;LYCEE;PUBLIC;;6,17787;1,20392;
5413;LOME COMMUNE;ARRONDISSEMENT V;AGBALEPEDOGAN;AGBALEPEDOGAN;COLLEGE PROTESTANT D'AGBALAPEDO;EDUCATION;LYCEE;PUBLIC;;6,19457;1,19405;
5414;LOME COMMUNE;ARRONDISSEMENT V;AGBALEPEDOGAN;AGBALEPEDOGAN;LYCEE DE 2 FEVRIER;EDUCATION;LYCEE;PUBLIC;;6,19573;1,1976;
5419;LOME COMMUNE;ARRONDISSEMENT V;AGBALEPEDOGAN;AGBALEPEDOGAN;COMPLEXE SCOLAIRE VENUNYE;EDUCATION;LYCEE;PUBLIC;;6,1974;1,1961;
5421;LOME COMMUNE;ARRONDISSEMENT V;AGBALEPEDOGAN;AGBALEPEDOGAN;LYCEE TECHNIQUE LES TALENTS;EDUCATION;LYCEE;PUBLIC;;6,1959;1,202;
5433;LOME COMMUNE;ARRONDISSEMENT V;AGBALEPEDOGAN;AGBALEPEDOGAN;ASDA CEG LYCEE PRIVES;EDUCATION;LYCEE;PUBLIC;;6,19265;1,20527;
5448;LOME COMMUNE;ARRONDISSEMENT I;AGUIAKOME;AGUIAKOME;INSTITUT MAWULI;EDUCATION;LYCEE;PUBLIC;;6,13097;1,22898;
5462;LOME COMMUNE;ARRONDISSEMENT II;AKODESSEWA KPOTA;AKODESSIWA KPOTA;ECOLE LAIQUE ST ANTOINE DE PADOU;EDUCATION;LYCEE;PUBLIC;;6,16812;1,28007;
5464;LOME COMMUNE;ARRONDISSEMENT II;AKODESSEWA KPOTA;AKODESSIWA KPOTA;C E G et LYCEE  ADAKPAME;EDUCATION;LYCEE;PUBLIC;;6,1642;1,2817;
5476;LOME COMMUNE;ARRONDISSEMENT III;AMOUTIVE;AMOUTIVE;INSTITUT TECHNIQUE LA SORBONNE;EDUCATION;LYCEE;PUBLIC;;6,13937;1,23385;
5481;LOME COMMUNE;ARRONDISSEMENT III;AMOUTIVE;AMOUTIVE;SYLVIA MODERN ACADEMY  (SMA);EDUCATION;LYCEE;PUBLIC;;6,1406;1,23503;
5522;LOME COMMUNE;ARRONDISSEMENT II;ANFAME;ANFAME;LYCCE MODERNE SAINT MICHEL ANFAME;EDUCATION;LYCEE;PUBLIC;;6,16752;1,27473;
5548;LOME COMMUNE;ARRONDISSEMENT III;ANTONIO NETIME;ANTONIO NETIME;NIPIC-PLURI-TECHNIQUE;EDUCATION;LYCEE;PUBLIC;;6,13478;1,24817;
5553;LOME COMMUNE;ARRONDISSEMENT II;ATIEGOU;ATIEGOU;LYCEE TECHNIQUE D'ATIEGOU;EDUCATION;LYCEE;PUBLIC;;6,19702;1,25833;
5557;LOME COMMUNE;ARRONDISSEMENT II;ATIEGOU;ATIEGOU;COMPLEXE SCOLAIRE LE SINAÏ;EDUCATION;LYCEE;PUBLIC;;6,19677;1,25698;
5564;LOME COMMUNE;ARRONDISSEMENT II;ATIEGOU;ATIEGOU;COMPLEXE SCOLAIRE SCHAUNIEL;EDUCATION;LYCEE;PUBLIC;;6,196;1,2551;
5568;LOME COMMUNE;ARRONDISSEMENT II;ATIEGOU;ATIEGOU;INSTITUT TECHNIQUE NOUVELLE VISION;EDUCATION;LYCEE;PUBLIC;;6,19638;1,26023;
5569;LOME COMMUNE;ARRONDISSEMENT II;ATIEGOU;ATIEGOU;COMPLEXE SCOLAIRE CLAVAL;EDUCATION;COMPLEXE SCOLAIRE;;;6,19688;1,26135;
5587;LOME COMMUNE;ARRONDISSEMENT II;ATIEGOU;ATIEGOU;COMPLEXE SCOLAIRE AKOSSOU DE LOME;EDUCATION;LYCEE;PUBLIC;;6,18863;1,27117;
5601;LOME COMMUNE;ARRONDISSEMENT V;AVENOU BATOME;AVENOU BATOME;GROUPE SCOLAIRE LE CADRE;EDUCATION;LYCEE;PUBLIC;;6,17725;1,18917;
5647;LOME COMMUNE;ARRONDISSEMENT III;BE HEDJE;BE HEDJE;ENSEMBLE SCOLAIRE LE DEFI;EDUCATION;LYCEE;PUBLIC;;6,15325;1,26328;
5665;LOME COMMUNE;ARRONDISSEMENT V;BE KLIKAME;BE KLIKAME;LYCEE DE  BE KLIKAME;EDUCATION;LYCEE;PUBLIC;;6,17445;1,20562;
5703;LOME COMMUNE;ARRONDISSEMENT II;BE KPOTA;BE KPOTA;LYCEE BE KPOTA;EDUCATION;LYCEE;PUBLIC;;6,16232;1,26288;
5710;LOME COMMUNE;ARRONDISSEMENT II;BE KPOTA;BE KPOTA;IETPG LA PLENITUDE;EDUCATION;LYCEE;PUBLIC;;6,15963;1,25653;
5733;LOME COMMUNE;ARRONDISSEMENT II;BE KPOTA;BE KPOTA;INSTITUT TECHNIQUE ET COMMERCIAL (ITEC) LA GRACE;EDUCATION;LYCEE;PUBLIC;;6,16807;1,26477;
5743;LOME COMMUNE;ARRONDISSEMENT II;BE KPOTA;BE KPOTA;COMPLEXE SCOLAIRE MONDJI LA BERGERE;EDUCATION;LYCEE;PUBLIC;;6,15657;1,2543;
5745;LOME COMMUNE;ARRONDISSEMENT II;BE KPOTA;BE KPOTA;INSTITUT LA POLYVALENCE;EDUCATION;LYCEE;PUBLIC;;6,158;1,25767;
5772;LOME COMMUNE;ARRONDISSEMENT V;DOGBEAVOU;DOGBEAVOU;"COMPLEXE SCOLAIRE ""CONNAISSANCE PLUS""";EDUCATION;LYCEE;PUBLIC;;6,15033;1,21643;
5789;LOME COMMUNE;ARRONDISSEMENT III;DOULASSAME;DOULASSAME;COMPLEXE SCOLAIRE NOTRE DAME DES APOTRES;EDUCATION;LYCEE;CONFESSIONNEL;Bon;6,137055;1,225312;11.421265
5803;MARITIME;GOLFE;AFLAO-SAGBADO;WONYOME;"COMPLEXE SCOLAIRE ""ENTENTE""";EDUCATION;LYCEE;PRIVE;Bon;6,18913;1,157085;36.175049
5812;MARITIME;GOLFE;AFLAO-SAGBADO;WONYOME;COMPLEXE SCOLAIRE LE COCOTIER;EDUCATION;LYCEE;PRIVE;Bon;6,190859;1,159636;32.089478
5813;MARITIME;GOLFE;AFLAO-SAGBADO;WONYOME;LYCEE D'ADIDOGOME 2;EDUCATION;LYCEE;PUBLIC;Bon;6,19356;1,156602;33.771729
5826;MARITIME;GOLFE;AFLAO-SAGBADO;SAGBADO;COMPLEXE SCOLAIRE AMITIE-CONCORDE;EDUCATION;LYCEE;PRIVE;Bon;6,194516;1,140256;36.175049
5839;MARITIME;GOLFE;AFLAO-SAGBADO;APEDOKOE/APEDOKOE;COMPLEXE SCOLAIRE JEAN GUTEMBERG;EDUCATION;LYCEE;PRIVE;Bon;6,199458;1,141669;43.384766
5848;MARITIME;GOLFE;AFLAO-SAGBADO;SAGBADO;INSTITUT MICRO-PLUS;EDUCATION;LYCEE;PRIVE;Bon;6,196803;1,142656;42.423584
5856;MARITIME;GOLFE;AFLAO-SAGBADO;SAGBADO;LA GRANDE ROYALE;EDUCATION;LYCEE;PRIVE;Bon;6,197094;1,120393;26.802246
5873;LOME COMMUNE;ARRONDISSEMENT V;DOUMASSESSE;DOUMASSESSE;ECOLE ANNA MARIA;EDUCATION;LYCEE;PUBLIC;;6,16367;1,22053;
5888;LOME COMMUNE;ARRONDISSEMENT I;FREAU JARDIN;FREAU JARDIN;INSTITUT LA PROVIDENCE;EDUCATION;LYCEE;PUBLIC;;6,13223;1,22313;
5892;LOME COMMUNE;ARRONDISSEMENT III;GBENYEDJI;GBENYEDJI;COLLEGE TECHNIQUE LAMARTINE;EDUCATION;LYCEE;PUBLIC;;6,14863;1,25763;
5900;LOME COMMUNE;ARRONDISSEMENT III;GBENYEDJI;GBENYEDJI;LYCEE DE GBENYEDJI;EDUCATION;LYCEE;PUBLIC;;6,14535;1,25527;
5963;MARITIME;GOLFE;VAKPOSSITO;NADEGBE;INSTITUT SCOLAIRE NOTRE DAME DE L'EGLISE;EDUCATION;LYCEE;CONFESSIONNEL;Bon;6,219506;1,155156;44.586548
5970;LOME COMMUNE;ARRONDISSEMENT III;GBENYEDJI;GBENYEDJI;LYCEE CICERON;EDUCATION;LYCEE;PUBLIC;;6,1493;1,25645;
5975;LOME COMMUNE;ARRONDISSEMENT III;GBENYEDJI;GBENYEDJI;ITEM;EDUCATION;LYCEE;PUBLIC;;6,14772;1,25197;
5981;LOME COMMUNE;ARRONDISSEMENT III;GBENYEDJI;GBENYEDJI;COMPLEXE SCOLAIRE BG POUSSINETS;EDUCATION;LYCEE;PUBLIC;;6,14752;1,25543;
6018;MARITIME;GOLFE;AGOENYIVE;LOGOPE ATSANVE;"COMPLEXE SCOLAIRE ""LA CLEMENCE""";EDUCATION;LYCEE;PRIVE;Bon;6,241558;1,17918;50.114136
6025;MARITIME;GOLFE;AGOENYIVE;LOGOPE;"COMPLEXE SCOLAIRE ""LE LEADER""";EDUCATION;LYCEE;PRIVE;Bon;6,2397;1,178652;51.315674
6038;MARITIME;GOLFE;AGOENYIVE;SSOGBOSSITO;"COMPLEXE SCOLAIRE ""ST RAPHAEL""";EDUCATION;LYCEE;PRIVE;Bon;6,25699;1,16731;53.238281
6043;MARITIME;GOLFE;AGOENYIVE;SOGBOSSITO;COMPLEXE SCOLAIRE PATER VOLUNTAS;EDUCATION;LYCEE;PRIVE;Bon;6,249668;1,173453;50.114136
6056;MARITIME;GOLFE;AGOENYIVE;AGOE LOGOPE;COMPLEXE SCOLAIRE NANDABA;EDUCATION;LYCEE;PRIVE;Bon;6,232317;1,173516;48.431763
6060;MARITIME;GOLFE;AGOENYIVE;AGOE LOGOPE;COMPLEXE SCOLAIRE LA FABIENNE III;EDUCATION;LYCEE;PRIVE;Bon;6,2339;1,160524;50.835083
6077;MARITIME;GOLFE;AGOENYIVE;ANOME;LYCEE RENE-MARTINE;EDUCATION;LYCEE;PRIVE;Bon;6,215265;1,187518;44.346313
6096;MARITIME;GOLFE;AGOENYIVE;KOVE;"COMPLEXE SCOLAIRE ""LE ROSSIGNOL""";EDUCATION;LYCEE;PRIVE;Bon;6,258228;1,151851;54.920532
6145;MARITIME;GOLFE;AGOENYIVE;GNAMASSIGAN;LYCEE DE SOGBOSSITO;EDUCATION;LYCEE;PUBLIC;Bon;6,25865;1,179419;33.771729
6153;MARITIME;GOLFE;AGOENYIVE;GNAMASSIGAN;COMPLEXE SCOLAIRE PROMO EDUCATOIN;EDUCATION;LYCEE;PRIVE;Bon;6,259954;1,175404;36.655762
6190;MARITIME;GOLFE;LEGBASSITO;LEGBASSITO;COMPLEXE SCOLAIRE GENERATION OBAMA;EDUCATION;LYCEE;PRIVE;Bon;6,267526;1,156667;51.075317
6232;MARITIME;GOLFE;AGOENYIVE;AGOE-DEMAKPOE;COMPLEXE SCOLAIRE PRIVE PAYARAMA;EDUCATION;LYCEE;PRIVE;Bon;6,246407;1,196501;34.492798
6247;MARITIME;GOLFE;AGOENYIVE;AGOE-ZONGO;COMPLEXE SCOLAIRE ISLAMIQUE;EDUCATION;LYCEE;CONFESSIONNEL;Bon;6,255093;1,205192;18.87146
6255;MARITIME;GOLFE;AGOENYIVE;AGOE;COMPLEXE SCOLAIRE LE LEVANT;EDUCATION;LYCEE;PRIVE;Bon;6,238187;1,206265;30.647583
6296;MARITIME;GOLFE;BAGUIDA;BAGUIDA;CPL MANUELA;EDUCATION;LYCEE;PRIVE;Bon;6,180381;1,327583;15.747192
6316;MARITIME;GOLFE;BAGUIDA;BAGUIDA LOMNAVA;LE TRESOR ENSEIGNEMENT;EDUCATION;LYCEE;PRIVE;Bon;6,185996;1,317194;15.506958
6323;MARITIME;GOLFE;BAGUIDA;ADAMAVO/ADAMAVO;COMPLEXE SCOLAIRE JOSEI TODA;EDUCATION;LYCEE;PRIVE;Bon;6,167156;1,317202;11.180908
6326;MARITIME;GOLFE;BAGUIDA;ADAMAVO/ADAMAVO;COMPLEXE SCOLAIRE EUREKA ADAMAVO;EDUCATION;LYCEE;PRIVE;Bon;6,176997;1,309803;23.437622
6331;MARITIME;GOLFE;BAGUIDA;ABLODESSIKO;LE TRESOR COLLEGE ET LYCEE;EDUCATION;LYCEE;PRIVE;Bon;6,175588;1,315219;16.708496
6366;MARITIME;GOLFE;SANGUERA;KLEME;LYCEE DE SANGUERA;EDUCATION;LYCEE;PUBLIC;Bon;6,231455;1,11773;54.680298
6371;MARITIME;GOLFE;SANGUERA;KLEME;ECOLE PRIVEE LES LUMIERES;EDUCATION;LYCEE;PRIVE;Bon;6,229994;1,123481;50.35437
6399;MARITIME;GOLFE;TOGBLEKOPE;TOGBLECOPE;LYCEE PRESTIGE DE TOGBLE;EDUCATION;LYCEE;PRIVE;Bon;6,27918;1,209528;21.515015
6442;MARITIME;GOLFE;AFLAO-SAGBADO;AFLAO-SAGBODO;COMPLEXE SCOLAIRE BORDJO;EDUCATION;LYCEE;PRIVE;Bon;6,20578;1,133826;44.586548
6446;MARITIME;GOLFE;AFLAO-SAGBADO;AFLAO-SAGBODO;COMPLEXE  SCOLAIRE MARANATHA;EDUCATION;LYCEE;PRIVE;Bon;6,212784;1,129144;41.702515
6479;MARITIME;GOLFE;SANGUERA;ZANGUERA;INSTITUT SCOLAIRE SANTA MARIA;EDUCATION;LYCEE;PRIVE;Bon;6,231362;1,103761;49.15271
6506;MARITIME;GOLFE;BAGUIDA;KPOGAN;LYCEE SAINTE CATHERINE;EDUCATION;LYCEE;PRIVE;Bon;6,186125;1,377139;14.305298
6533;LOME COMMUNE;ARRONDISSEMENT II;HEDZRANAWOE;HEDZRANAWOE;INSTITUT TECHNIQUE NOGEN;EDUCATION;LYCEE;PUBLIC;;6,17308;1,23453;
6546;LOME COMMUNE;ARRONDISSEMENT II;HEDZRANAWOE;HEDZRANAWOE;INSTITUT LA VIGILANCE;EDUCATION;COMPLEXE SCOLAIRE;;;6,18272;1,2375;
6558;LOME COMMUNE;ARRONDISSEMENT II;HEDZRANAWOE;HEDZRANAWOE;COMPLEXE SCOLAIRE BELLES ETOILES;EDUCATION;COMPLEXE SCOLAIRE;;;6,17638;1,24833;
6561;LOME COMMUNE;ARRONDISSEMENT II;HEDZRANAWOE;HEDZRANAWOE;INSTITUT SCOLAIRE SITOU;EDUCATION;COMPLEXE SCOLAIRE;;;6,17545;1,24555;
6565;LOME COMMUNE;ARRONDISSEMENT II;HEDZRANAWOE;HEDZRANAWOE;COMPLEXE SCOLAIRE GLORIA;EDUCATION;COMPLEXE SCOLAIRE;;;6,1992;1,25157;
6570;LOME COMMUNE;ARRONDISSEMENT II;HEDZRANAWOE;HEDZRANAWOE;INSTITUT PRIVE LAÏQUE LA CONFIANCE;EDUCATION;COMPLEXE SCOLAIRE;;;6,1851;1,2471;
6574;LOME COMMUNE;ARRONDISSEMENT II;HEDZRANAWOE;HEDZRANAWOE;INSTITUT SCOLAIRE AKOLY FOADEY;EDUCATION;LYCEE;PUBLIC;;6,18823;1,24985;
6579;LOME COMMUNE;ARRONDISSEMENT II;HEDZRANAWOE;HEDZRANAWOE;COMPLEXE SCOLAIRE NOTRE DAME DE LA TRINITE;EDUCATION;LYCEE;PUBLIC;;6,19103;1,25347;
6583;LOME COMMUNE;ARRONDISSEMENT II;KANYIKOPE;KANYIKOPE;INSTITUT POLYVALENT LE ROITELET;EDUCATION;LYCEE;PRIVE;Bon;6,166691;1,299009;15.987549
6592;LOME COMMUNE;ARRONDISSEMENT II;KANYIKOPE;KANYIKOPE;COMPLEXE SCOLAIRE FOLY-BEBE;EDUCATION;LYCEE;PUBLIC;;6,16682;1,29515;
6617;LOME COMMUNE;ARRONDISSEMENT II;KELEGOUGAN;KELEGOUGAN;THE AMERICAN INTERNATIONAL SCHOOL OF LOME;EDUCATION;LYCEE;PRIVE;Bon;6,20447;1,247873;24.639282
6621;LOME COMMUNE;ARRONDISSEMENT II;KELEGOUGAN;KELEGOUGAN;COMPLEXE SCOLAIRE ISLAMIQUE TANKO;EDUCATION;LYCEE;CONFESSIONNEL;Bon;6,213678;1,25348;18.631104
6636;LOME COMMUNE;ARRONDISSEMENT II;KELEGOUGAN;KELEGOUGAN;ECOLE EYA MOYA;EDUCATION;LYCEE;PUBLIC;;6,19683;1,24333;
6639;LOME COMMUNE;ARRONDISSEMENT II;KELEGOUGAN;KELEGOUGAN;INSTITUT PRIVE LAÏQUE ISAAC NEWTON;EDUCATION;LYCEE;PUBLIC;;6,2011;1,24198;
6640;LOME COMMUNE;ARRONDISSEMENT II;KELEGOUGAN;KELEGOUGAN;COMPLEXE SCOLAIRE LA SYNTHESE;EDUCATION;COMPLEXE SCOLAIRE;;;6,20127;1,24205;
6641;LOME COMMUNE;ARRONDISSEMENT II;KELEGOUGAN;KELEGOUGAN;NICA;EDUCATION;LYCEE;PUBLIC;;6,20142;1,24268;
6658;LOME COMMUNE;ARRONDISSEMENT IV;KODJOVIAKOPE;KODJOVIAKOPE;ECOLE INTERNATIONALE ARC-EN-CIEL;EDUCATION;LYCEE;PRIVE;Bon;6,122929;1,204742;14.545532
6663;LOME COMMUNE;ARRONDISSEMENT IV;KODJOVIAKOPE;KODJOVIAKOPE;INSTITUT TECHNIQUE LE LEADER;EDUCATION;COMPLEXE SCOLAIRE;;;6,1211;1,20903;
6665;LOME COMMUNE;ARRONDISSEMENT IV;KODJOVIAKOPE;KODJOVIAKOPE;COMPLEXE SCOLAIRE AKOUETE-AKUE;EDUCATION;COMPLEXE SCOLAIRE;;;6,12127;1,2101;
6690;LOME COMMUNE;ARRONDISSEMENT II;LOME II;LOME II;COMPLEXE SCOLAIRE MELA;EDUCATION;LYCEE;PUBLIC;;6,19773;1,20225;
6691;LOME COMMUNE;ARRONDISSEMENT II;LOME II;LOME II;GROUPE SCOLAIRE LIBERTE 1;EDUCATION;COMPLEXE SCOLAIRE;;;6,19898;1,20278;
6694;LOME COMMUNE;ARRONDISSEMENT II;N'TIFAFA KOME;N'TIFAFA KOME;COLLEGE ASSIOBO;EDUCATION;LYCEE;PUBLIC;;6,14758;1,23212;
6698;LOME COMMUNE;ARRONDISSEMENT II;N'TIFAFA KOME;N'TIFAFA KOME;INSTITUT TECHNIQUE SAINT STREBLER;EDUCATION;LYCEE;PUBLIC;;6,14823;1,23273;
6707;LOME COMMUNE;ARRONDISSEMENT IV;NYEKONAKPOE;NYEKONAKPOE;LYCEE FRANÇAIS DE LOME;EDUCATION;LYCEE;PRIVE;Mauvais;6,126812;1,205793;16.948853
6713;LOME COMMUNE;ARRONDISSEMENT IV;NYEKONAKPOE;NYEKONAKPOE;LYCEE DE NYEKONAKPOE;EDUCATION;LYCEE;PUBLIC;Bon;6,128174;1,204025;9.979248
6733;LOME COMMUNE;ARRONDISSEMENT IV;NYEKONAKPOE;NYEKONAKPOE;E P L  JESUS MISERICORDIEUX;EDUCATION;LYCEE;PUBLIC;;6,12463;1,20072;
6734;LOME COMMUNE;ARRONDISSEMENT IV;NYEKONAKPOE;NYEKONAKPOE;LYCEE TECHNIQUE  ISETI;EDUCATION;LYCEE;PUBLIC;;6,1247;1,20087;
6738;LOME COMMUNE;ARRONDISSEMENT IV;NYEKONAKPOE;NYEKONAKPOE;ECOLE BON BERGER;EDUCATION;LYCEE;PUBLIC;;6,12783;1,20357;
6745;LOME COMMUNE;ARRONDISSEMENT IV;OCTAVIO NETIME;OCTAVIO NETIME;COLLEGE  BEATRICE  PASCAL;EDUCATION;LYCEE;PUBLIC;;6,13312;1,2138;
6758;LOME COMMUNE;ARRONDISSEMENT II;RESIDENCE DU BENIN;RESIDENCE DU BENIN;ECOLE PRIVEE LA TOLERANCE;EDUCATION;LYCEE;PRIVE;Bon;6,16999;1,228712;27.042603
6762;LOME COMMUNE;ARRONDISSEMENT II;RESIDENCE DU BENIN;RESIDENCE DU BENIN;THE BRITISH SCHOOL OF LOME;EDUCATION;LYCEE;PUBLIC;;6,17222;1,22342;
6771;LOME COMMUNE;ARRONDISSEMENT II;SAINT JOSEPH;SAINT JOSEPH;COLLEGE SAINT JOSEPH;EDUCATION;LYCEE;PUBLIC;;6,15025;1,2327;
6788;LOME COMMUNE;ARRONDISSEMENT III;SOUZA NETIME;SOUZA NETIME;INSTITUT TECHNIQUE ET PROFESSIONNEL (ITP) NOUSSI;EDUCATION;LYCEE;PUBLIC;;6,13645;1,24687;
6790;LOME COMMUNE;ARRONDISSEMENT III;SOUZA NETIME;SOUZA NETIME;COLLEGE PÈRE AUGUSTIN PLANQUE;EDUCATION;LYCEE;PUBLIC;;6,13613;1,24748;
6805;LOME COMMUNE;ARRONDISSEMENT III;SOUZA NETIME;SOUZA NETIME;COMPLEXE POLYTECHNIQUE BRUCE;EDUCATION;LYCEE;PUBLIC;;6,1327;1,23658;
6811;LOME COMMUNE;ARRONDISSEMENT III;SOUZA NETIME;SOUZA NETIME;INSTITUT TECHNIQUE LA COLOMBE DE DIEU;EDUCATION;LYCEE;PUBLIC;;6,14012;1,24608;
6829;LOME COMMUNE;ARRONDISSEMENT V;SOVIEPE;SOVIEPE;INSTITUT MERIDIEN TECHNOLOGIE;EDUCATION;COMPLEXE SCOLAIRE;;;6,17632;1,1794;
6840;LOME COMMUNE;ARRONDISSEMENT II;TOKOIN FOREVER;TOKOIN FOREVER;COMPLEXE SCOLAIRE LA METHODE;EDUCATION;LYCEE;PUBLIC;;6,16027;1,23317;
6842;LOME COMMUNE;ARRONDISSEMENT II;TOKOIN FOREVER;TOKOIN FOREVER;COLLEGE TECHNIQUE LA REVELATION;EDUCATION;LYCEE;PUBLIC;;6,15778;1,2281;
6848;LOME COMMUNE;ARRONDISSEMENT V;TOKOIN GBADAGO;TOKOIN GBADAGO;INSTITUT TECHNIQUE  ISTC LE GRAND;EDUCATION;LYCEE;PUBLIC;;6,14472;1,21537;
6853;LOME COMMUNE;ARRONDISSEMENT V;TOKOIN HOPITAL;TOKOIN HOPITAL;"ECOLE SANS FRONTIERE ""FAUVETTES PLUS""";EDUCATION;LYCEE;PUBLIC;;6,14013;1,21105;
6856;LOME COMMUNE;ARRONDISSEMENT V;TOKOIN HOPITAL;TOKOIN HOPITAL;"COMPLEXE SCOLAIRE ""BAPISTES DU TOGO""";EDUCATION;LYCEE;PUBLIC;;6,14092;1,21032;
6857;LOME COMMUNE;ARRONDISSEMENT V;TOKOIN HOPITAL;TOKOIN HOPITAL;INSTITUT TECHNIQUE ET PROFESSIONNEL GEORGES CLEMENCEAU;EDUCATION;LYCEE;PUBLIC;;6,144;1,21022;
6867;LOME COMMUNE;ARRONDISSEMENT V;TOKOIN LYCEE;TOKOIN LYCEE;"INSTITUT PRIVE ""L'ESSENTIEL""";EDUCATION;LYCEE;PUBLIC;;6,15162;1,22387;
6871;LOME COMMUNE;ARRONDISSEMENT V;TOKOIN LYCEE;TOKOIN LYCEE;INSTITUT MONSTESQUIEU;EDUCATION;LYCEE;PUBLIC;;6,15262;1,2218;
6876;LOME COMMUNE;ARRONDISSEMENT V;TOKOIN LYCEE;TOKOIN LYCEE;LYCEE DE TOKOIN II;EDUCATION;LYCEE;PUBLIC;;6,1529;1,22583;
6877;LOME COMMUNE;ARRONDISSEMENT V;TOKOIN LYCEE;TOKOIN LYCEE;LYCEE DE TOKOIN I;EDUCATION;LYCEE;PUBLIC;;6,15038;1,2286;
6882;LOME COMMUNE;ARRONDISSEMENT II;TOKOIN N'KAFU;TOKOIN N'KAFU;INSTITUT DES SCIENCES COMMERCIALES;EDUCATION;LYCEE;PUBLIC;;6,1539;1,24105;
6899;LOME COMMUNE;ARRONDISSEMENT V;TOKOIN OUEST;TOKOIN OUEST;COLLEGE PROTESTANT DE LOME-TOKOIN;EDUCATION;LYCEE;PUBLIC;;6,1459;1,20323;
6927;MARITIME;GOLFE;ZANGUERA;ATIGAN KOPE;CEG ET LYCEE;EDUCATION;COMPLEXE SCOLAIRE;;;6,23137;1,11877;
6931;MARITIME;GOLFE;ZANGUERA;TAGA KOPE;INSTITUT SCOLAIRE SANT;EDUCATION;COMPLEXE SCOLAIRE;;;6,23132;1,10357;
6935;MARITIME;GOLFE;ZANGUERA;TAGA KOPE;LYCEE DE ZANGUERA;EDUCATION;LYCEE;PUBLIC;;6,2312;1,11837;
6947;MARITIME;GOLFE;AGOENYIVE;TOTSI KLEVEGBLE;ECOLE PRIVÉ AWIYA;EDUCATION;COMPLEXE SCOLAIRE;;;6,20338;1,19678;
6948;MARITIME;GOLFE;AGOENYIVE;TOTSI KPATEFI;ECOLE NEO HUMANISTE;EDUCATION;COMPLEXE SCOLAIRE;;;6,20335;1,19767;
6959;MARITIME;GOLFE;AGOENYIVE;TOTSI NYIVEME;COMPLEXE SCOLAIRE LE PHENIX;EDUCATION;COMPLEXE SCOLAIRE;;;6,22028;1,20085;
6961;MARITIME;GOLFE;AGOENYIVE;TOTSI NYIVEME;INSTITUT PRIVÉ LA PAIX ENSEIGNEMENT GÉNÉRAL;EDUCATION;LYCEE;PUBLIC;;6,22082;1,19942;
6962;MARITIME;GOLFE;AGOENYIVE;KLEVE+ KLEVE APENYIGBE+ KLEVE ASSIYEYE;INSTITUT PRIVÉ LA PAIX ENSEIGNEMENT TECHNIQUE;EDUCATION;LYCEE;PUBLIC;;6,22243;1,19935;
6965;MARITIME;GOLFE;AGOENYIVE;TOTSI KPATEFI;LYCÉE D'AGOÈ;EDUCATION;LYCEE;PUBLIC;;6,21963;1,19935;
6984;MARITIME;GOLFE;AGOENYIVE;KLEVE+ KLEVE APENYIGBE+ KLEVE ASSIYEYE;INSTITUT POLYTECHNIQUE LA GRACE DE DIEU;EDUCATION;LYCEE;PUBLIC;;6,23073;1,1983;
6987;MARITIME;GOLFE;AGOENYIVE;FIOVI;COLLÈGE PRIVÉE AYISA;EDUCATION;LYCEE;PUBLIC;;6,23277;1,19522;
6992;MARITIME;GOLFE;AGOENYIVE;HOUMBIGBLE;INSTITUT  LE BRILLANT;EDUCATION;LYCEE;PUBLIC;;6,23365;1,18693;
6994;MARITIME;GOLFE;AGOENYIVE;APEGNIGBI;COMPLEXE SCOLAIRE JJ ROUSSEAU LA RELÈVE;EDUCATION;LYCEE;PUBLIC;;6,24077;1,19062;
7007;MARITIME;GOLFE;AGOENYIVE;KLEVE+ KLEVE APENYIGBE+ KLEVE ASSIYEYE;INSTITUT TECHNIQUE COMMERCIAL KOUVAHEY;EDUCATION;LYCEE;PUBLIC;;6,23415;1,19982;
7009;MARITIME;GOLFE;AGOENYIVE;DEMAKPOE;INSTITUT TECHNIQUE MARTIN LUTHER KING;EDUCATION;LYCEE;PUBLIC;;6,23677;1,20415;
7011;MARITIME;GOLFE;AGOENYIVE;ATSANVE;COMPLEXE SCOLAIRE PRIVÉ LAIQUE LE LEVANT;EDUCATION;COMPLEXE SCOLAIRE;;;6,23848;1,20615;
7015;MARITIME;GOLFE;AGOENYIVE;ATSANVE;INSTITUT SCOLAIRE PRIVÉ ADMIRABLE;EDUCATION;COMPLEXE SCOLAIRE;;;6,2305;1,20812;
7026;MARITIME;GOLFE;TOGBLEKOPE;TOGBLE URBAIN;COMPLEXE SCOLAIRE DE-LALLIRE DORKENOO;EDUCATION;LYCEE;PUBLIC;;6,25788;1,199;
7029;MARITIME;GOLFE;TOGBLEKOPE;TOGBLE URBAIN;COMPLEXE SCOLAIRE ISLAMIQUE;EDUCATION;COMPLEXE SCOLAIRE;;;6,2551;1,20517;
7030;MARITIME;GOLFE;TOGBLEKOPE;TOGBLE URBAIN;CENTRE SOCIO ÉDUCATIF ALFOURKAN;EDUCATION;COMPLEXE SCOLAIRE;;;6,25477;1,20595;
7032;MARITIME;GOLFE;TOGBLEKOPE;TOGBLE URBAIN;ECOLE PRIVÉ LAIQUE LE SCORE;EDUCATION;COMPLEXE SCOLAIRE;;;6,25702;1,20338;
7036;MARITIME;GOLFE;AGOENYIVE;LOGOPE ATSANVE;COMPLEXE SCOLAIRE LE LEADER;EDUCATION;COMPLEXE SCOLAIRE;;;6,23968;1,17858;
7038;MARITIME;GOLFE;AGOENYIVE;ANOKUI NOGO;COMPLEXE SCOLAIRE LA CLEMENCE;EDUCATION;COMPLEXE SCOLAIRE;;;6,24152;1,1791;
7042;MARITIME;GOLFE;AGOENYIVE;LOGOPE;COMPLEXE SCOLAIRE LA BRUYERE;EDUCATION;COMPLEXE SCOLAIRE;;;6,24165;1,16788;
7043;MARITIME;GOLFE;ZANGUERA;ZANGUERA URBAIN;COMPLEXE SCOLAIRE LA RUSEE;EDUCATION;COMPLEXE SCOLAIRE;;;6,23463;1,1658;
7045;MARITIME;GOLFE;ZANGUERA;ZANGUERA URBAIN;COMPLEXE SCOLAIRE NANDABA;EDUCATION;COMPLEXE SCOLAIRE;;;6,23335;1,17317;
7046;MARITIME;GOLFE;AGOENYIVE;LOGOPE KPATEFI;COMPLEXE SCOLAIRE KULLA;EDUCATION;COMPLEXE SCOLAIRE;;;6,23093;1,17547;
7047;MARITIME;GOLFE;AGOENYIVE;SOGBOSSITO;COMPLEXE SCOLAIRE PATER VOLUNTAS;EDUCATION;COMPLEXE SCOLAIRE;;;6,24933;1,17342;
7061;MARITIME;GOLFE;AGOENYIVE;HOUMBI;COMPLEXE SCOLAIRE LUIS LE BELIER;EDUCATION;LYCEE;PUBLIC;;6,22485;1,21215;
7067;MARITIME;GOLFE;AGOENYIVE;KITIDJAN + ETAT MAJOR;COMPLEXE SCOLAIRE INTERNATIONAL ALBERT EINSTEIN;EDUCATION;LYCEE;PUBLIC;;6,22095;1,22052;
7084;MARITIME;GOLFE;AGOENYIVE;DJIGBLE;COMPLEXE PRIVE LAÏQUE PEPINIERE DES CADRES;EDUCATION;COMPLEXE SCOLAIRE;;;6,20755;1,23262;
7096;MARITIME;GOLFE;AGOENYIVE;DJIGBLE;INSTITUT TECHNIQUE COMMECIALE;EDUCATION;LYCEE;PUBLIC;;6,21303;1,23778;
7114;MARITIME;GOLFE;TOGBLEKOPE;TOGBLE URBAIN;COMPLEXE SCOLAIRE MALA YIKA;EDUCATION;COMPLEXE SCOLAIRE;;;6,26455;1,21148;
7119;MARITIME;GOLFE;TOGBLEKOPE;TOGBLE URBAIN;COMPLEXE SCOLAIRE HERMANN;EDUCATION;LYCEE;PUBLIC;;6,27027;1,21272;
7137;MARITIME;GOLFE;AGOENYIVE;TOGOME;COMPLEXE SCOLAIRE LA PROMOTION;EDUCATION;LYCEE;PUBLIC;;6,219;1,2358;
7141;MARITIME;GOLFE;AGOENYIVE;KELEGOUGAN DIGBLE;COMPLEXE SCOLAIRE BLAISE PASCAL;EDUCATION;LYCEE;PUBLIC;;6,2149;1,23765;
7160;MARITIME;GOLFE;AGOENYIVE;ADJOUGBA;COLLEGE AGOE EST;EDUCATION;LYCEE;PUBLIC;;6,22347;1,22125;
7203;MARITIME;GOLFE;AGOENYIVE;ANOMEGBLE;GROUPE SCOLAIRE RM;EDUCATION;LYCEE;PUBLIC;;6,21037;1,1883;
7216;MARITIME;GOLFE;AGOENYIVE;LOGOPE KPATEFI;COMPLEXE SCOLAIRE LA FABIENNE;EDUCATION;LYCEE;PUBLIC;;6,22515;1,18138;
7220;MARITIME;GOLFE;AGOENYIVE;TELESSOU ADOKPO KOPE;ÉCOLE PRIVÉE LE GALICHA;EDUCATION;LYCEE;PUBLIC;;6,2229;1,1838;
7224;MARITIME;GOLFE;AGOENYIVE;TELESSOU;INSTITUT SCOLAIRE YAYRA PRINCE KEKE;EDUCATION;LYCEE;PUBLIC;;6,22283;1,1744;
7236;MARITIME;GOLFE;AFLAO GAKLI;AVEDJI TELESSOU;LYCÉE MODERNE LE JOURDAIN;EDUCATION;LYCEE;PUBLIC;;6,20607;1,18212;
7241;MARITIME;GOLFE;VAKPOSSITO;ELAVANYO ATSANVE;INSTITUTION L'IMPACT DE DIEU;EDUCATION;LYCEE;PUBLIC;;6,21348;1,1747;
7259;MARITIME;GOLFE;AFLAO GAKLI;AVEDJI TELESSOU;"INSTITUT PRIVÉE AMENUVEGA ""LA GRANDE GRACE";EDUCATION;LYCEE;PUBLIC;;6,20592;1,16885;
7297;MARITIME;GOLFE;AFLAO GAKLI;AVEDJI TELESSOU;COMPLEXE SCOLAIRE ANYINEFA;EDUCATION;LYCEE;PUBLIC;;6,19532;1,18067;
7309;MARITIME;GOLFE;BAGUIDA;KPOGAN;LYCEE  STE  CATHERINE;EDUCATION;LYCEE;PUBLIC;;6,18625;1,37715;
7310;MARITIME;GOLFE;BAGUIDA;KPOGAN;NOTRE DAME DE LOURDE;EDUCATION;LYCEE;PUBLIC;;6,18652;1,37783;
7314;MARITIME;GOLFE;BAGUIDA;KPOGAN;INSTITUT SAINT ESPRIT;EDUCATION;LYCEE;PUBLIC;;6,18873;1,37805;
7319;MARITIME;GOLFE;BAGUIDA;AGODEKA;COMPLEXE SCOLAIRE LE LEADER STAR;EDUCATION;LYCEE;PUBLIC;;6,18667;1,36108;
7327;MARITIME;GOLFE;BAGUIDA;BAGUIDA;LYCEE DE BAGUIDA;EDUCATION;LYCEE;PUBLIC;;6,17737;1,33037;
7340;MARITIME;GOLFE;BAGUIDA;BAGUIDA;INSTITUT SCOLAIRE LA PIROGUE;EDUCATION;LYCEE;PUBLIC;;6,17637;1,31713;
7343;MARITIME;GOLFE;BAGUIDA;ADAMAVO;INSTITUT SCOLAIRE CIS-DIFFERENTIA;EDUCATION;LYCEE;PUBLIC;;6,17845;1,31115;
7357;MARITIME;GOLFE;AFLAO GAKLI;TESHIE;INSTITUT LE TECHNOCRATE;EDUCATION;LYCEE;PUBLIC;;6,18405;1,17057;
7362;MARITIME;GOLFE;AFLAO GAKLI;AMADAHOME;LYCEE TECHNIQUE D'ADIDOGME;EDUCATION;LYCEE;PUBLIC;;6,19247;1,16152;
7375;MARITIME;GOLFE;AFLAO GAKLI;AMADAHOME;GROUPE SCOLAIRE UNIVERSALIS;EDUCATION;LYCEE;PUBLIC;;6,2011;1,15592;
7379;MARITIME;GOLFE;AFLAO GAKLI;APÉDOKOÉ;INSTITUT PRIVE LES AS (2);EDUCATION;LYCEE;PUBLIC;;6,20593;1,14513;
7380;MARITIME;GOLFE;AFLAO GAKLI;APÉDOKOÉ;ECOLE ISLAMIQUE D'APEDOKOE;EDUCATION;COMPLEXE SCOLAIRE;;;6,20975;1,14235;
7383;MARITIME;GOLFE;AFLAO-SAGBADO;APÉDOKOÉ GBOMAMÈ;COMPLEXE SCOLAIRE ZANTOU II;EDUCATION;LYCEE;PUBLIC;;6,21895;1,12503;
7385;MARITIME;GOLFE;AFLAO-SAGBADO;APÉDOKOÉ GBOMAMÈ;COMPLEXE SCOLAIRE PRIVEE LAÏC MARANATHA;EDUCATION;COMPLEXE SCOLAIRE;;;6,21277;1,12913;
7386;MARITIME;GOLFE;AFLAO-SAGBADO;APÉDOKOÉ GBOMAMÈ;COMPLEXE SCOLAIRE EMILIENNE;EDUCATION;COMPLEXE SCOLAIRE;;;6,20865;1,1319;
7389;MARITIME;GOLFE;AFLAO-SAGBADO;WONYOME;COMPLEXE SCOLAIRE LES COCOTIERS;EDUCATION;LYCEE;PUBLIC;;6,1909;1,1597;
7394;MARITIME;GOLFE;AFLAO-SAGBADO;AWATAMÈ;COMPLEXE POLYTECHNIQUE ORA ET LABORA;EDUCATION;COMPLEXE SCOLAIRE;;;6,1764;1,1699;
7396;MARITIME;GOLFE;AFLAO-SAGBADO;AWATAMÈ;INSTITUT SCOLAIRE LE RESULTAT;EDUCATION;COMPLEXE SCOLAIRE;;;6,17317;1,1724;
7400;MARITIME;GOLFE;AFLAO-SAGBADO;AWATAMÈ;INSTITUT PRIVE AZIAGBA;EDUCATION;COMPLEXE SCOLAIRE;;;6,18123;1,16778;
7402;MARITIME;GOLFE;AFLAO-SAGBADO;AWATAMÈ;INSTITUT POLYVALENT BENEDICTUS;EDUCATION;COMPLEXE SCOLAIRE;;;6,18078;1,1646;
7409;MARITIME;GOLFE;AFLAO-SAGBADO;YOKOÉ KOPÉGAN;COMPLEXE SCOLAIRE LUMIERE V;EDUCATION;LYCEE;PUBLIC;;6,17178;1,1579;
7410;MARITIME;GOLFE;AFLAO-SAGBADO;YOKOÉ KOPÉGAN;COMPLEXE SCOLAIRE THE WINNER;EDUCATION;COMPLEXE SCOLAIRE;;;6,17415;1,15128;
7411;MARITIME;GOLFE;AFLAO-SAGBADO;GBLAINKOMEGAN;INSTITUT LA GRANDE ESPERENCE;EDUCATION;COMPLEXE SCOLAIRE;;;6,17795;1,16068;
7414;MARITIME;GOLFE;AFLAO-SAGBADO;YOKOÉ KOPÉGAN;ECOLE PRINCE BEDY;EDUCATION;LYCEE;PUBLIC;;6,18122;1,15635;
7430;MARITIME;GOLFE;AFLAO-SAGBADO;ABLOGOMÈ;INSTITUTION PRIVEE ESSOR;EDUCATION;LYCEE;PUBLIC;;6,18738;1,16372;
7436;MARITIME;GOLFE;AFLAO-SAGBADO;WONYOME;COMPLEXE SCOLAIRE ENTENTE;EDUCATION;COMPLEXE SCOLAIRE;;;6,18927;1,15722;
7439;MARITIME;GOLFE;AFLAO-SAGBADO;AFLAO-SAGBADO LOGOTÉ;COMPLEXE SCOLAIRE LA BONNE SEMENCE;EDUCATION;COMPLEXE SCOLAIRE;;;6,17855;1,12745;
7444;MARITIME;GOLFE;AFLAO-SAGBADO;APÉDOKOÉ  AGOKPANOU;COMPLEXE SCOLAIRE  JEAN GUTEMBERG;EDUCATION;COMPLEXE SCOLAIRE;;;6,19792;1,13603;
7446;MARITIME;GOLFE;AFLAO-SAGBADO;AFLAO-SAGBADO ASSIYÉYÉ;COMPLEXE SCOLAIRE AMITIE CONCORDE;EDUCATION;COMPLEXE SCOLAIRE;;;6,19468;1,14003;
7448;MARITIME;GOLFE;AFLAO-SAGBADO;WONYOME;COMPLEXE SCOLAIRE LA COURRONE D'OR;EDUCATION;COMPLEXE SCOLAIRE;PRIVE;;6,19302;1,15043;
7449;MARITIME;GOLFE;AFLAO-SAGBADO;WONYOME;INSTITUT PRIVE LAÏC LE VAINQUEUR;EDUCATION;COMPLEXE SCOLAIRE;PRIVE;;6,19617;1,15238;
7454;MARITIME;GOLFE;AFLAO-SAGBADO;APÉDOKOÉ  AGOKPANOU;INSTITUT POLYTECHNIQUE DU GOLFE;EDUCATION;LYCEE;PUBLIC;;6,20278;1,14577;
7463;LOME COMMUNE;ARRONDISSEMENT V;TOKOIN OUEST;TOKOIN OUEST;ECOLE ALPHA;EDUCATION;LYCEE;PUBLIC;;6,14265;1,20697;
7465;LOME COMMUNE;ARRONDISSEMENT V;TOKOIN OUEST;TOKOIN OUEST;LYCEE CIFOP;EDUCATION;LYCEE;PUBLIC;;6,14718;1,2033;
7470;LOME COMMUNE;ARRONDISSEMENT V;TOKOIN SOLIDARITE;TOKOIN SOLIDARITE;INSTITUT TECHNIQUE CATHOLIQUE NDE;EDUCATION;LYCEE;PUBLIC;;6,1496;1,21037;
7479;LOME COMMUNE;ARRONDISSEMENT V;TOKOIN SOLIDARITE;TOKOIN SOLIDARITE;LYCEE DE TOKOIN SOLIDARITE;EDUCATION;LYCEE;PUBLIC;;6,15023;1,20463;
7488;LOME COMMUNE;ARRONDISSEMENT II;TOKOIN TAME;TOKOIN TAME;INSTITUT SCOLAIRE BOUAKA;EDUCATION;LYCEE;PUBLIC;;6,1667;1,2262;
7517;LOME COMMUNE;ARRONDISSEMENT II;TOKOIN WUITI;TOKOIN WUITI;LYCEE TOKOIN EST;EDUCATION;LYCEE;PUBLIC;;6,16615;1,23662;
7538;LOME COMMUNE;ARRONDISSEMENT V;TOTSI;TOTSI;ECOLE PRIVEE LAÏQUE LE TRIOMPHE DU DESTIN;EDUCATION;LYCEE;PRIVE;Bon;6,199176;1,185679;36.415405
7582;LOME COMMUNE;ARRONDISSEMENT V;TOTSI;TOTSI;COMPLEXE KOUVAHEY;EDUCATION;LYCEE;PUBLIC;;6,1769;1,19128;
7595;LOME COMMUNE;ARRONDISSEMENT III;WETE;WETE;COMPLEXE SCOLAIRE LA MÉMOIRE;EDUCATION;LYCEE;PUBLIC;;6,14408;1,2627;
7607;LOME COMMUNE;ARRONDISSEMENT I;WETRIVI KONDJI;WETRIVI KONDJI;LYCEE LOME CITE;EDUCATION;LYCEE;PUBLIC;Bon;6,131163;1,222194;14.785889
7614;LOME COMMUNE;ARRONDISSEMENT I;WETRIVI KONDJI;WETRIVI KONDJI;INSTITUT LA PROVIDENCE;EDUCATION;LYCEE;PRIVE;Bon;6,132265;1,223415;25.840942
7620;PLATEAUX;OGOU;GNAGNA;ATAKPAME;COLLEGE SAINT ALBERT LE GRAND (CEG +LYCEE);EDUCATION;LYCEE;CONFESSIONNEL;Bon;7,527819;1,123313;
7640;PLATEAUX;OGOU;GNAGNA;ATAKPAME;LYCEE D'ATAKPAME;EDUCATION;LYCEE;PUBLIC;Bon;7,518686;1,14149;
7662;PLATEAUX;EST-MONO;MORETAN;MORETAN;LYCEE DE MORETAN (+ CEG);EDUCATION;LYCEE;PUBLIC;Bon;8,112978;1,355995;
7707;PLATEAUX;MOYEN-MONO;TADO;TADO;LYCEE DE TADO (LYCEE + CEG);EDUCATION;LYCEE;PUBLIC;Bon;7,141374;1,598973;
7710;PLATEAUX;MOYEN-MONO;TADO;TADO;COLLEGE PROTESTANT (LYCEE + POMPE);EDUCATION;LYCEE;CONFESSIONNEL;Bon;7,148732;1,596782;
7718;PLATEAUX;HAHO;ASRAMA;ASRAMA;LYCEE D'ASRAMA;EDUCATION;LYCEE;PUBLIC;Bon;7,003179;1,415517;
7741;PLATEAUX;HAHO;NOTSE;NOTSE;LYCEE DE NOTSE;EDUCATION;LYCEE;PUBLIC;Bon;6,929107;1,17562;
7747;PLATEAUX;HAHO;NOTSE;NOTSE;COLLEGE NDA + LYCEE;EDUCATION;LYCEE;CONFESSIONNEL;Bon;6,954196;1,177065;
7779;PLATEAUX;AMOU;AMOU-OBLO;AMOU-OBLO;LYCEE DE AMOU-OBLO + CEG;EDUCATION;LYCEE;PUBLIC;Bon;7,40277;0,875902;
7790;PLATEAUX;AKEBOU;DJON;DJON;LYCEE DJON (LYCEE+CEG);EDUCATION;LYCEE;PUBLIC;Bon;7,732553;0,794521;
7833;PLATEAUX;WAWA;BADOU;BADOU;LYCEE DE BADOU;EDUCATION;LYCEE;PUBLIC;Bon;7,594344;0,60851;
7849;PLATEAUX;KPELE;KPELE-DUTOE;AGBANON;LYCEE KPELE-NORD;EDUCATION;LYCEE;PUBLIC;Bon;7,262232;0,797399;
7852;PLATEAUX;KPELE;KPELE-CENTRE/GOUDEVE;GOUDEVE;LYCEE GOUDEVE;EDUCATION;LYCEE;PUBLIC;Bon;7,174599;0,751538;
7863;PLATEAUX;KPELE;KPELE-NOVIVE;ADETA;LYCEE DE ADETA;EDUCATION;LYCEE;PUBLIC;Bon;7,122304;0,728229;
7901;PLATEAUX;KLOTO;WOME;WOME;LYCEE DE WOME + CEG;EDUCATION;LYCEE;PUBLIC;Bon;6,845306;0,580534;
7955;PLATEAUX;AGOU;AMOUSSOUKOPE;AMOUSSOUKOPE;LYCEE D'AMOUSSOUKOPE;EDUCATION;LYCEE;PUBLIC;Mauvais;6,670625;0,842544;
7965;PLATEAUX;OGOU;WOUDOU;ATAKPAME;COLLEGE SAINT ALBERT (CEG, LYCEE);EDUCATION;LYCEE;CONFESSIONNEL;Bon;7,527852;1,123;
7991;PLATEAUX;OGOU;AKPARE;AKPARE;LYCEE AKPARE (CEG+ 2ND);EDUCATION;LYCEE;PUBLIC;Bon;7,474721;1,320504;
8140;PLATEAUX;MOYEN-MONO;KPEKPLEME;KPEKPLEME;LYCEE KPEKPLEME (PUITS + CEG);EDUCATION;LYCEE;PUBLIC;Mauvais;7,336021;1,625343;
8252;PLATEAUX;AMOU;TEMEDJA;TEMEDJA;LYCEE DE TEMEDJA + CEG;EDUCATION;LYCEE;PUBLIC;Bon;7,524112;1,065115;
8309;PLATEAUX;HAHO;WAHALA;WAHALA;LYCEE + CEG WAHALA;EDUCATION;LYCEE;PUBLIC;Bon;7,162811;1,164837;
8372;PLATEAUX;ANIE;ANIE;ANIE;LYCEE D'ANIE;EDUCATION;LYCEE;PUBLIC;Bon;7,774446;1,1914;
8373;PLATEAUX;ANIE;ANIE;ANIE;LYCEE IL VILLE 2;EDUCATION;LYCEE;PUBLIC;Bon;7,736898;1,197727;
8444;PLATEAUX;AMOU;OUMA-AMLAME;AMLAME;LYCEE D'AMLAME;EDUCATION;LYCEE;PUBLIC;Bon;7,457436;0,906531;
8498;PLATEAUX;HAHO;NOTSE;NOTSE;LYCEE PROPONTIDE;EDUCATION;LYCEE;PRIVE;Abandonné;6,941757;1,166807;
8566;PLATEAUX;MOYEN-MONO;TOHOUN;TOHOUN;LYCEE DE TOHOUN;EDUCATION;LYCEE;PUBLIC;Bon;7,047249;1,61378;
8598;PLATEAUX;OGOU;GNAGNA;ATAKPAME;LYCEE  AGBONOU ( CEG + LYCEE);EDUCATION;LYCEE;PUBLIC;Bon;7,506683;1,15332;
8609;PLATEAUX;OGOU;GNAGNA;ATAKPAME;INSTITUT SACRE CŒUR DE L'ENFANT JESUS;EDUCATION;LYCEE;CONFESSIONNEL;Bon;7,526778;1,149166;
8613;PLATEAUX;OGOU;GNAGNA;AVETE;COMPLEXE (CEG LYCEE) PROVIDENCE DIVINE;EDUCATION;LYCEE;CONFESSIONNEL;Bon;7,475203;1,150876;
8627;PLATEAUX;OGOU;GLEI;GLEI;LYCEE DE GLEI;EDUCATION;LYCEE;PUBLIC;Bon;7,324701;1,168748;
8652;PLATEAUX;EST-MONO;ELAVAGNON;ELAVAGNON;LYCEE ELAVAGNON;EDUCATION;LYCEE;PUBLIC;Bon;7,94388;1,280926;
8690;PLATEAUX;AMOU;HIHEATRO;HIHEATRO;LYCEE DE HIHEATRO;EDUCATION;LYCEE;PUBLIC;Bon;7,532195;1,09951;
8770;PLATEAUX;OGOU;GNAGNA;ATAKPAME;INSTITUT SACRE CŒUR DE L'ENFANT JESUS;EDUCATION;LYCEE;CONFESSIONNEL;Bon;7,526778;1,149166;
8771;PLATEAUX;OGOU;GNAGNA;ATAKPAME;LYCEE  AGBONOU ( CEG + LYCEE);EDUCATION;LYCEE;PUBLIC;Bon;7,506683;1,15332;
8772;PLATEAUX;OGOU;GNAGNA;AVETE;COMPLEXE (CEG LYCEE) PROVIDENCE DIVINE;EDUCATION;LYCEE;CONFESSIONNEL;Bon;7,475203;1,150876;
8803;PLATEAUX;OGOU;GLEI;GLEI;LYCEE DE GLEI;EDUCATION;LYCEE;PUBLIC;Bon;7,324701;1,168748;
8827;PLATEAUX;EST-MONO;ELAVAGNON;ELAVAGNON;LYCEE ELAVAGNON;EDUCATION;LYCEE;PUBLIC;Bon;7,94388;1,280926;
8845;PLATEAUX;AMOU;HIHEATRO;HIHEATRO;LYCEE DE HIHEATRO;EDUCATION;LYCEE;PUBLIC;Bon;7,532195;1,09951;
8929;PLATEAUX;AKEBOU;KOUGNOHOU;KOUGNOHOU;LYCEE DE KOUGNOHOU;EDUCATION;LYCEE;PUBLIC;Mauvais;7,649248;0,793731;
9067;PLATEAUX;KLOTO;LAVIE + LAVIE APEDOME;LAVIE;LYCEE DE LAVIE (CEG+ LYCEE);EDUCATION;LYCEE;PUBLIC;Bon;7,010973;0,678017;
9129;PLATEAUX;WAWA;OKOU;OKOU;LYCEE OKOU;EDUCATION;LYCEE;PUBLIC;Mauvais;7,562898;0,856982;
9180;PLATEAUX;KPELE;KPELE-NORD;KPELE AGBAHON;LYCEE KPELE NORD;EDUCATION;LYCEE;PUBLIC;Bon;7,261841;0,798103;
9193;PLATEAUX;KPELE;KPELE-NORD;KPELE ELE;LYCEE DE KPELE VILLE;EDUCATION;LYCEE;PUBLIC;Bon;7,273554;0,807471;
9203;PLATEAUX;KLOTO;KOUMA;KUMA BALA;LYCEE SAINT JOSEPH KUMA BALA;EDUCATION;LYCEE;PRIVE;Bon;6,991275;0,567127;
9207;PLATEAUX;KLOTO;KOUMA;KUMA KONDA;LYCEE DE KUMA;EDUCATION;LYCEE;PUBLIC;Bon;6,96166;0,577127;
9217;PLATEAUX;KLOTO;KOUMA;KUMA ADAME;COMPLEXE SCOLAIRE LE GUIDE( CEG+LYCEE);EDUCATION;LYCEE;PRIVE;Mauvais;6,979553;0,59611;
9290;PLATEAUX;WAWA;OKOU;OKOU;LYCEE OKOU;EDUCATION;LYCEE;PUBLIC;Mauvais;7,927243;0,853442;
9341;PLATEAUX;KPELE;KPELE-NORD;KPELE AGBAHON;LYCEE KPELE NORD;EDUCATION;LYCEE;PUBLIC;Bon;7,594387;0,636747;
9354;PLATEAUX;KPELE;KPELE-NORD;KPELE ELE;LYCEE DE KPELE VILLE;EDUCATION;LYCEE;PUBLIC;Bon;7,44368;0,603521;
9364;PLATEAUX;KLOTO;KOUMA;KUMA BALA;LYCEE SAINT JOSEPH KUMA BALA;EDUCATION;LYCEE;PRIVE;Bon;7,303186;0,748529;
9368;PLATEAUX;KLOTO;KOUMA;KUMA KONDA;LYCEE DE KUMA;EDUCATION;LYCEE;PUBLIC;Bon;7,174782;0,714888;
9378;PLATEAUX;KLOTO;KOUMA;KUMA ADAME;COMPLEXE SCOLAIRE LE GUIDE( CEG+LYCEE);EDUCATION;LYCEE;PRIVE;Mauvais;7,284714;0,712925;
9442;PLATEAUX;WAWA;TOMEGBE;TOMEGBE;LYCÉE TOMEGBE (1ER & 2ND CYCLE);EDUCATION;LYCEE;PUBLIC;Mauvais;7,503235;0,602184;
9479;PLATEAUX;DANYI;DANYI-ATIGBA + ELAVANYO;ELAVANYO;LYCÉE DE ELAVANYO (CEG);EDUCATION;LYCEE;PUBLIC;Bon;7,285244;0,718848;
9514;PLATEAUX;KLOTO;AGOME-KPALIME;KPALIME;LYCÉE DE KPODZI;EDUCATION;LYCEE;PUBLIC;Bon;6,924332;0,634354;
9546;PLATEAUX;AGOU;AGOU NYOGBO DZIDJOLE + AGBETIKO;NYOGBO DZIDZOLE;LYCÉE AGOU NYOGBO (PRIMAIRE ET SECONDAIRE 1ER ET 2ÈME DEGRÉ);EDUCATION;LYCEE;PUBLIC;Bon;6,881551;0,716016;
9582;PLATEAUX;WAWA;KLABE EFOUKPA;ZOGBEGAN;LYCÉE DE ZOGBÉGAN;EDUCATION;LYCEE;PUBLIC;Bon;7,577546;0,672249;
9602;PLATEAUX;DANYI;DANYI-ATIGBA + ELAVANYO;DANYI APEYEYEME;LYCÉE DE DANYI APÉYÉYÉMÉ;EDUCATION;LYCEE;PUBLIC;Bon;7,199083;0,699605;
9662;PLATEAUX;AGOU;AGOU-TAVIE;GADZEPE;LYCÉE AGOU;EDUCATION;LYCEE;PUBLIC;Bon;6,840825;0,704504;
9696;PLATEAUX;AKEBOU;YALLA;YALLA;LYCEE DE YALLA (CEG+LYCEE);EDUCATION;LYCEE;PUBLIC;Bon;7,787069;0,671352;
9747;PLATEAUX;KPELE;AKATA;AGAME;LYCÉE AKATA (CEG);EDUCATION;LYCEE;PUBLIC;Bon;7,047299;0,71187;
9794;PLATEAUX;KLOTO;TOVE;TOVE DZIGBE;LYCÉE TOVÉ-RAILS;EDUCATION;LYCEE;PUBLIC;Bon;6,876546;0,659331;
9806;PLATEAUX;KLOTO;AGOME-KPALIME;KPALIME;COLLEGE POLYVALENT ST ESPRIT DE KPALIME (CEG + LYCEE +LYCEE TECHNIQUE );EDUCATION;LYCEE;CONFESSIONNEL;Bon;6,906522;0,629007;
9811;PLATEAUX;KLOTO;AGOME-KPALIME;KPALIME ZOMAYI;LYCEE ZOMAYI( CEG + LYCEE);EDUCATION;LYCEE;PUBLIC;Bon;6,89022;0,624975;
9844;PLATEAUX;OGOU;DJAMA;ATAKPAME;LYCÉE/CEG AFEYE KPOTA;EDUCATION;LYCEE;PUBLIC;Bon;7,542351;1,12101;
9857;PLATEAUX;OGOU;DATCHA;DATCHA;LYCÉE/CEG AB;EDUCATION;LYCEE;PUBLIC;Bon;7,424632;1,162258;
9919;PLATEAUX;EST-MONO;NYAMASSILA;NYAMASSILA;LYCÉE NYAMASSILA;EDUCATION;LYCEE;PUBLIC;Bon;7,992616;1,187958;
9976;PLATEAUX;HAHO;KPEGNON (HAITO);KPEGNON-ADJA;LYCÉE KPÉGNON-ADJA;EDUCATION;LYCEE;PUBLIC;Mauvais;7,191896;1,029342;
9983;PLATEAUX;HAHO;DALIA;KPELE;CEG/LYCEE KPÉLÉ;EDUCATION;LYCEE;PUBLIC;Bon;6,863406;1,183517;
10043;MARITIME;GOLFE;LEGBASSITO;LEGBASSITO;COMPLEXE SCOLAIRE LA FABIENNE III;EDUCATION;LYCEE;PUBLIC;;6,23373;1,16055;
10049;MARITIME;GOLFE;TOGBLEKOPE;TOGBLEKOPE;ECOLE PRIVÉ LAIQUE LE PILIER;EDUCATION;COMPLEXE SCOLAIRE;;;6,27657;1,20443;
10060;MARITIME;ZIO;ADETI KOPE;ADETIKOPE-CENTRE;COMPLEXE SCOLAIRE MON AVENIR;EDUCATION;LYCEE;PRIVÉ;Bon;6,327857701;1,216172241;36.415405
10085;MARITIME;ZIO;ADETI KOPE;AKPLOME;LYCEE MODERNE D'ADETIKOPE;EDUCATION;LYCEE;PUBLIC;Bon;6,32607948;1,234854246;68.378906
